{
    "__comment": "Model generated using MrCrayfish's Model Creator (https://mrcrayfish.com/tools?id=mc)",
    "textures": {
        "quartz_block_top": "minecraft:block/quartz_block_top",
        "prismarine_bricks": "minecraft:block/prismarine_bricks",
        "gold_block": "minecraft:block/gold_block",
        "ethiril": "minecraft:item/voltskiya/item/ethiril"
    },
    "display": {
        "gui": {
            "rotation": [ 70, 30, 316 ],
            "translation": [ -2, -2, 0 ],
            "scale": [ 0.85, 0.95, 0.85 ]
        },
        "ground": {
            "rotation": [ 36, 0, 77 ],
            "translation": [ 0, 3, 0 ],
            "scale": [ 1.05, 1.05, 1.05 ]
        },
        "fixed": {
            "rotation": [ 90, 315, 90 ],
            "translation": [ 3, -3.2, 0 ],
            "scale": [ 1, 1, 1 ]
        },
        "head": {
            "rotation": [ 0, 270, 180 ],
            "translation": [ 0, 8, 0 ],
            "scale": [ 1.5, 1.5, 1.5 ]
        },
        "firstperson_righthand": {
            "rotation": [ 0, 180, 0 ],
            "translation": [ 2, 2, 0 ],
            "scale": [ 0.5, 0.65, 0.5 ]
        },
        "thirdperson_righthand": {
            "rotation": [ 0, 180, 0 ],
            "translation": [ 0, 2.1, 2 ],
            "scale": [ 1, 1, 1 ]
        }
    },
    "elements": [
        {
            "from": [ 7.5, 1.5, 7.5 ], 
            "to": [ 8.4, 6.8, 8.4 ], 
            "faces": {
                "north": { "texture": "#ethiril", "uv": [ 0, 0, 1.2, 5 ] },
                "east": { "texture": "#ethiril", "uv": [ 0, 0, 1.2, 5 ] },
                "south": { "texture": "#ethiril", "uv": [ 0, 0, 1.2, 5 ] },
                "west": { "texture": "#ethiril", "uv": [ 0, 0, 1.2, 5 ] },
                "down": { "texture": "#ethiril", "uv": [ 0, 0, 1.2, 1.2 ] }
            }
        },
        {
            "from": [ 7.372, -0.5, 7.42 ], 
            "to": [ 8.472, 0.7, 8.52 ], 
            "rotation": { "origin": [ 8, 8, 8 ], "axis": "y", "angle": -22.5 },
            "faces": {
                "north": { "texture": "#prismarine_bricks", "uv": [ 0, 0, 1.6, 1.6 ] },
                "east": { "texture": "#prismarine_bricks", "uv": [ 0, 0, 1.6, 1.6 ] },
                "south": { "texture": "#prismarine_bricks", "uv": [ 0, 0, 1.6, 1.6 ] },
                "west": { "texture": "#prismarine_bricks", "uv": [ 0, 0, 1.6, 1.6 ] },
                "up": { "texture": "#prismarine_bricks", "uv": [ 0, 0, 1.6, 1.6 ] },
                "down": { "texture": "#prismarine_bricks", "uv": [ 0, 0, 1.6, 1.6 ] }
            }
        },
        {
            "from": [ 7.25, 6.6, 5.375 ], 
            "to": [ 8.65, 7.6, 10.375 ], 
            "faces": {
                "north": { "texture": "#prismarine_bricks", "uv": [ 0, 0, 1.4, 1 ] },
                "east": { "texture": "#prismarine_bricks", "uv": [ 0, 0, 5, 1 ] },
                "south": { "texture": "#prismarine_bricks", "uv": [ 0, 0, 1.4, 1 ] },
                "west": { "texture": "#prismarine_bricks", "uv": [ 0, 0, 5, 1 ] },
                "up": { "texture": "#prismarine_bricks", "uv": [ 0, 0, 1.4, 6 ] },
                "down": { "texture": "#prismarine_bricks", "uv": [ 0, 0, 1.4, 6 ] }
            }
        },
        {
            "from": [ 7.85, 7.6, 7 ], 
            "to": [ 8.05, 27.6, 8.9 ], 
            "faces": {
                "north": { "texture": "#quartz_block_top", "uv": [ 0, 0, 1.2, 5 ] },
                "east": { "texture": "#quartz_block_top", "uv": [ 0, 0, 1.2, 5 ] },
                "south": { "texture": "#quartz_block_top", "uv": [ 0, 0, 1.2, 5 ] },
                "west": { "texture": "#quartz_block_top", "uv": [ 0, 0, 1.2, 5 ] },
                "up": { "texture": "#quartz_block_top", "uv": [ 0, 0, 1.2, 1.2 ] }
            }
        },
        {
            "from": [ 7.85, 28.18, -4.096 ], 
            "to": [ 8.05, 29.67, -3.096 ], 
            "rotation": { "origin": [ 0, 0, 0 ], "axis": "x", "angle": 22.5 },
            "faces": {
                "north": { "texture": "#quartz_block_top", "uv": [ 0, 0, 0.2, 1.49 ] },
                "east": { "texture": "#quartz_block_top", "uv": [ 0, 0, 1, 1.49 ] },
                "south": { "texture": "#quartz_block_top", "uv": [ 0, 0, 0.2, 1.49 ] },
                "west": { "texture": "#quartz_block_top", "uv": [ 0, 0, 1, 1.49 ] },
                "up": { "texture": "#quartz_block_top", "uv": [ 0, 0, 0.2, 1 ] },
                "down": { "texture": "#quartz_block_top", "uv": [ 0, 0, 0.2, 1 ] }
            }
        },
        {
            "from": [ 7.22, 0.6, 7.3 ], 
            "to": [ 8.62, 1.6, 8.7 ], 
            "rotation": { "origin": [ 8, 8, 8 ], "axis": "y", "angle": -45.0 },
            "faces": {
                "north": { "texture": "#prismarine_bricks", "uv": [ 0, 0, 1.6, 1.6 ] },
                "east": { "texture": "#prismarine_bricks", "uv": [ 0, 0, 1.6, 1.6 ] },
                "south": { "texture": "#prismarine_bricks", "uv": [ 0, 0, 1.6, 1.6 ] },
                "west": { "texture": "#prismarine_bricks", "uv": [ 0, 0, 1.6, 1.6 ] },
                "up": { "texture": "#prismarine_bricks", "uv": [ 0, 0, 1.6, 1.6 ] },
                "down": { "texture": "#prismarine_bricks", "uv": [ 0, 0, 1.6, 1.6 ] }
            }
        },
        {
            "from": [ 7.85, 23.32, 21.61 ], 
            "to": [ 8.05, 24.81, 22.61 ], 
            "rotation": { "origin": [ 1, -9, 5 ], "axis": "x", "angle": -22.5 },
            "faces": {
                "north": { "texture": "#quartz_block_top", "uv": [ 0, 0, 0.2, 1.49 ] },
                "east": { "texture": "#quartz_block_top", "uv": [ 0, 0, 1, 1.49 ] },
                "south": { "texture": "#quartz_block_top", "uv": [ 0, 0, 0.2, 1.49 ] },
                "west": { "texture": "#quartz_block_top", "uv": [ 0, 0, 1, 1.49 ] },
                "up": { "texture": "#quartz_block_top", "uv": [ 0, 0, 0.2, 1 ] },
                "down": { "texture": "#quartz_block_top", "uv": [ 0, 0, 0.2, 1 ] }
            }
        },
        {
            "from": [ 7.85, 28.457, 8.391 ], 
            "to": [ 8.05, 28.993, 8.924 ], 
            "rotation": { "origin": [ 8, 28, 8 ], "axis": "x", "angle": -45.0 },
            "faces": {
                "north": { "texture": "#quartz_block_top", "uv": [ 0, 0, 0.2, 0.536 ] },
                "east": { "texture": "#quartz_block_top", "uv": [ 0, 0, 0.533, 0.536 ] },
                "south": { "texture": "#quartz_block_top", "uv": [ 0, 0, 0.2, 0.536 ] },
                "west": { "texture": "#quartz_block_top", "uv": [ 0, 0, 0.533, 0.536 ] },
                "up": { "texture": "#quartz_block_top", "uv": [ 0, 0, 0.2, 0.533 ] },
                "down": { "texture": "#quartz_block_top", "uv": [ 0, 0, 0.2, 0.533 ] }
            }
        },
        {
            "from": [ 7.525, -1.5, 7.575 ], 
            "to": [ 8.325, -0.5, 8.375 ], 
            "rotation": { "origin": [ 8, 8, 8 ], "axis": "y", "angle": -22.5 },
            "faces": {
                "north": { "texture": "#prismarine_bricks", "uv": [ 0, 0, 1.6, 1.6 ] },
                "east": { "texture": "#prismarine_bricks", "uv": [ 0, 0, 1.6, 1.6 ] },
                "south": { "texture": "#prismarine_bricks", "uv": [ 0, 0, 1.6, 1.6 ] },
                "west": { "texture": "#prismarine_bricks", "uv": [ 0, 0, 1.6, 1.6 ] },
                "up": { "texture": "#prismarine_bricks", "uv": [ 0, 0, 1.6, 1.6 ] },
                "down": { "texture": "#prismarine_bricks", "uv": [ 0, 0, 1.6, 1.6 ] }
            }
        },
        {
            "from": [ 7.45, 6, 5 ], 
            "to": [ 8.45, 7, 8 ], 
            "rotation": { "origin": [ 8, 8, 8 ], "axis": "x", "angle": 22.5 },
            "faces": {
                "north": { "texture": "#prismarine_bricks", "uv": [ 0, 0, 1.4, 1 ] },
                "east": { "texture": "#prismarine_bricks", "uv": [ 0, 0, 3, 1 ] },
                "south": { "texture": "#prismarine_bricks", "uv": [ 0, 0, 1.4, 1 ] },
                "west": { "texture": "#prismarine_bricks", "uv": [ 0, 0, 3, 1 ] },
                "up": { "texture": "#prismarine_bricks", "uv": [ 0, 0, 1.4, 6 ] },
                "down": { "texture": "#prismarine_bricks", "uv": [ 0, 0, 1.4, 6 ] }
            }
        },
        {
            "from": [ 7.575, 5.4, 5.52 ], 
            "to": [ 8.325, 6.2, 6.27 ], 
            "shade": false,
            "rotation": { "origin": [ 8, 8, 8 ], "axis": "x", "angle": 45.0 },
            "faces": {
                "north": { "texture": "#prismarine_bricks", "uv": [ 0, 0, 1.4, 1 ] },
                "east": { "texture": "#prismarine_bricks", "uv": [ 0, 0, 0.75, 0.8 ] },
                "south": { "texture": "#prismarine_bricks", "uv": [ 0, 0, 1.4, 1 ] },
                "west": { "texture": "#prismarine_bricks", "uv": [ 0, 0, 0.75, 0.8 ] },
                "up": { "texture": "#prismarine_bricks", "uv": [ 0, 0, 1.4, 6 ] },
                "down": { "texture": "#prismarine_bricks", "uv": [ 0, 0, 1.4, 6 ] }
            }
        },
        {
            "from": [ 7.7, 7, 7.2 ], 
            "to": [ 8.2, 27.5, 8.7 ], 
            "faces": {
                "north": { "texture": "#quartz_block_top", "uv": [ 0, 0, 0.5, 16 ] },
                "east": { "texture": "#quartz_block_top", "uv": [ 0, 0, 1.5, 16 ] },
                "south": { "texture": "#quartz_block_top", "uv": [ 0, 0, 0.5, 16 ] },
                "west": { "texture": "#quartz_block_top", "uv": [ 0, 0, 1.5, 16 ] },
                "up": { "texture": "#quartz_block_top", "uv": [ 0, 0, 0.5, 1.5 ] }
            }
        },
        {
            "from": [ 7.7, 28.15, -3.87 ], 
            "to": [ 8.203, 29.14, -2.97 ], 
            "rotation": { "origin": [ 0, 0, 0 ], "axis": "x", "angle": 22.5 },
            "faces": {
                "north": { "texture": "#quartz_block_top", "uv": [ 0, 0, 0.503, 0.99 ] },
                "east": { "texture": "#quartz_block_top", "uv": [ 0, 0, 0.9, 0.99 ] },
                "south": { "texture": "#quartz_block_top", "uv": [ 0, 0, 0.503, 0.99 ] },
                "west": { "texture": "#quartz_block_top", "uv": [ 0, 0, 0.9, 0.99 ] },
                "up": { "texture": "#quartz_block_top", "uv": [ 0, 0, 0.503, 0.9 ] },
                "down": { "texture": "#quartz_block_top", "uv": [ 0, 0, 0.503, 0.9 ] }
            }
        },
        {
            "from": [ 7.7, 22.07, 17.661 ], 
            "to": [ 8.203, 23.06, 18.561 ], 
            "rotation": { "origin": [ 0, 0, 0 ], "axis": "x", "angle": -22.5 },
            "faces": {
                "north": { "texture": "#quartz_block_top", "uv": [ 0, 0, 0.503, 0.99 ] },
                "east": { "texture": "#quartz_block_top", "uv": [ 0, 0, 0.9, 0.99 ] },
                "south": { "texture": "#quartz_block_top", "uv": [ 0, 0, 0.503, 0.99 ] },
                "west": { "texture": "#quartz_block_top", "uv": [ 0, 0, 0.9, 0.99 ] },
                "up": { "texture": "#quartz_block_top", "uv": [ 0, 0, 0.503, 0.9 ] },
                "down": { "texture": "#quartz_block_top", "uv": [ 0, 0, 0.503, 0.9 ] }
            }
        },
        {
            "from": [ 7.7, 28.055, 7.985 ], 
            "to": [ 8.203, 28.591, 8.518 ], 
            "rotation": { "origin": [ 8, 28, 8 ], "axis": "x", "angle": -45.0 },
            "faces": {
                "north": { "texture": "#quartz_block_top", "uv": [ 0, 0, 0.503, 0.536 ] },
                "east": { "texture": "#quartz_block_top", "uv": [ 0, 0, 0.533, 0.536 ] },
                "south": { "texture": "#quartz_block_top", "uv": [ 0, 0, 0.503, 0.536 ] },
                "west": { "texture": "#quartz_block_top", "uv": [ 0, 0, 0.533, 0.536 ] },
                "up": { "texture": "#quartz_block_top", "uv": [ 0, 0, 0.503, 0.533 ] },
                "down": { "texture": "#quartz_block_top", "uv": [ 0, 0, 0.503, 0.533 ] }
            }
        },
        {
            "from": [ 7.3, 1.8, 7.3 ], 
            "to": [ 8.6, 2.1, 8.6 ], 
            "faces": {
                "north": { "texture": "#prismarine_bricks", "uv": [ 0, 0, 1.3, 0.3 ] },
                "east": { "texture": "#prismarine_bricks", "uv": [ 0, 0, 1.3, 0.3 ] },
                "south": { "texture": "#prismarine_bricks", "uv": [ 0, 0, 1.3, 0.3 ] },
                "west": { "texture": "#prismarine_bricks", "uv": [ 0, 0, 1.3, 0.3 ] },
                "up": { "texture": "#prismarine_bricks", "uv": [ 0, 0, 1.3, 1.3 ] },
                "down": { "texture": "#prismarine_bricks", "uv": [ 0, 0, 1.3, 1.3 ] }
            }
        },
        {
            "from": [ 7.3, 2.3, 7.3 ], 
            "to": [ 8.6, 2.6, 8.6 ], 
            "faces": {
                "north": { "texture": "#prismarine_bricks", "uv": [ 0, 0, 1.3, 0.3 ] },
                "east": { "texture": "#prismarine_bricks", "uv": [ 0, 0, 1.3, 0.3 ] },
                "south": { "texture": "#prismarine_bricks", "uv": [ 0, 0, 1.3, 0.3 ] },
                "west": { "texture": "#prismarine_bricks", "uv": [ 0, 0, 1.3, 0.3 ] },
                "up": { "texture": "#prismarine_bricks", "uv": [ 0, 0, 1.3, 1.3 ] },
                "down": { "texture": "#prismarine_bricks", "uv": [ 0, 0, 1.3, 1.3 ] }
            }
        },
        {
            "from": [ 7.3, 5.7, 7.3 ], 
            "to": [ 8.6, 6, 8.6 ], 
            "faces": {
                "north": { "texture": "#prismarine_bricks", "uv": [ 0, 0, 1.3, 0.3 ] },
                "east": { "texture": "#prismarine_bricks", "uv": [ 0, 0, 1.3, 0.3 ] },
                "south": { "texture": "#prismarine_bricks", "uv": [ 0, 0, 1.3, 0.3 ] },
                "west": { "texture": "#prismarine_bricks", "uv": [ 0, 0, 1.3, 0.3 ] },
                "up": { "texture": "#prismarine_bricks", "uv": [ 0, 0, 1.3, 1.3 ] },
                "down": { "texture": "#prismarine_bricks", "uv": [ 0, 0, 1.3, 1.3 ] }
            }
        },
        {
            "from": [ 7.3, 5.2, 7.3 ], 
            "to": [ 8.6, 5.5, 8.6 ], 
            "faces": {
                "north": { "texture": "#prismarine_bricks", "uv": [ 0, 0, 1.3, 0.3 ] },
                "east": { "texture": "#prismarine_bricks", "uv": [ 0, 0, 1.3, 0.3 ] },
                "south": { "texture": "#prismarine_bricks", "uv": [ 0, 0, 1.3, 0.3 ] },
                "west": { "texture": "#prismarine_bricks", "uv": [ 0, 0, 1.3, 0.3 ] },
                "up": { "texture": "#prismarine_bricks", "uv": [ 0, 0, 1.3, 1.3 ] },
                "down": { "texture": "#prismarine_bricks", "uv": [ 0, 0, 1.3, 1.3 ] }
            }
        },
        {
            "from": [ 7.645, 8.8, 7.45 ], 
            "to": [ 8.245, 9.6, 8.45 ], 
            "faces": {
                "north": { "texture": "#gold_block", "uv": [ 0, 0, 0.6, 1.3 ] },
                "east": { "texture": "#gold_block", "uv": [ 0, 0, 1, 1.3 ] },
                "south": { "texture": "#gold_block", "uv": [ 0, 0, 0.6, 1.3 ] },
                "west": { "texture": "#gold_block", "uv": [ 0, 0, 1, 1.3 ] },
                "up": { "texture": "#gold_block", "uv": [ 0, 0, 0.6, 1 ] },
                "down": { "texture": "#gold_block", "uv": [ 0, 0, 0.6, 1 ] }
            }
        },
        {
            "from": [ 7.645, 9.5, 7.55 ], 
            "to": [ 8.245, 9.8, 8.35 ], 
            "faces": {
                "north": { "texture": "#gold_block", "uv": [ 0, 0, 0.6, 0.3 ] },
                "east": { "texture": "#gold_block", "uv": [ 0, 0, 0.8, 0.3 ] },
                "south": { "texture": "#gold_block", "uv": [ 0, 0, 0.6, 0.3 ] },
                "west": { "texture": "#gold_block", "uv": [ 0, 0, 0.8, 0.3 ] },
                "up": { "texture": "#gold_block", "uv": [ 0, 0, 0.6, 0.8 ] }
            }
        },
        {
            "from": [ 7.45, 6, 7.9 ], 
            "to": [ 8.45, 7, 10.9 ], 
            "rotation": { "origin": [ 8, 8, 8 ], "axis": "x", "angle": -22.5 },
            "faces": {
                "north": { "texture": "#prismarine_bricks", "uv": [ 0, 0, 1.4, 1 ] },
                "east": { "texture": "#prismarine_bricks", "uv": [ 0, 0, 3, 1 ] },
                "south": { "texture": "#prismarine_bricks", "uv": [ 0, 0, 1.4, 1 ] },
                "west": { "texture": "#prismarine_bricks", "uv": [ 0, 0, 3, 1 ] },
                "up": { "texture": "#prismarine_bricks", "uv": [ 0, 0, 1.4, 6 ] },
                "down": { "texture": "#prismarine_bricks", "uv": [ 0, 0, 1.4, 6 ] }
            }
        },
        {
            "from": [ 7.575, 5.4, 9.7 ], 
            "to": [ 8.325, 6.2, 10.45 ], 
            "rotation": { "origin": [ 8, 8, 8 ], "axis": "x", "angle": -45.0 },
            "faces": {
                "north": { "texture": "#prismarine_bricks", "uv": [ 0, 0, 0.75, 0.8 ] },
                "east": { "texture": "#prismarine_bricks", "uv": [ 0, 0, 0.75, 0.8 ] },
                "south": { "texture": "#prismarine_bricks", "uv": [ 0, 0, 0.75, 0.8 ] },
                "west": { "texture": "#prismarine_bricks", "uv": [ 0, 0, 0.75, 0.8 ] },
                "up": { "texture": "#prismarine_bricks", "uv": [ 0, 0, 0.75, 0.75 ] },
                "down": { "texture": "#prismarine_bricks", "uv": [ 0, 0, 0.75, 0.75 ] }
            }
        },
        {
            "from": [ 7.645, 8.6, 7.55 ], 
            "to": [ 8.245, 8.9, 8.35 ], 
            "faces": {
                "north": { "texture": "#gold_block", "uv": [ 0, 0, 0.6, 0.3 ] },
                "east": { "texture": "#gold_block", "uv": [ 0, 0, 0.8, 0.3 ] },
                "south": { "texture": "#gold_block", "uv": [ 0, 0, 0.6, 0.3 ] },
                "west": { "texture": "#gold_block", "uv": [ 0, 0, 0.8, 0.3 ] },
                "down": { "texture": "#gold_block", "uv": [ 0, 0, 0.6, 0.8 ] }
            }
        },
        {
            "from": [ 7.55, 7.5, 7.1 ], 
            "to": [ 8.35, 7.8, 8.8 ], 
            "faces": {
                "north": { "texture": "#prismarine_bricks", "uv": [ 0, 0, 0.8, 0.3 ] },
                "east": { "texture": "#prismarine_bricks", "uv": [ 0, 0, 1.7, 0.3 ] },
                "south": { "texture": "#prismarine_bricks", "uv": [ 0, 0, 0.8, 0.3 ] },
                "west": { "texture": "#prismarine_bricks", "uv": [ 0, 0, 1.7, 0.3 ] },
                "up": { "texture": "#prismarine_bricks", "uv": [ 0, 0, 0.8, 1.7 ] }
            }
        },
        {
            "from": [ 7.65, 7.6, 6.9 ], 
            "to": [ 8.25, 7.9, 9 ], 
            "faces": {
                "north": { "texture": "#prismarine_bricks", "uv": [ 0, 0, 0.6, 0.3 ] },
                "east": { "texture": "#prismarine_bricks", "uv": [ 0, 0, 2.1, 0.3 ] },
                "south": { "texture": "#prismarine_bricks", "uv": [ 0, 0, 0.6, 0.3 ] },
                "west": { "texture": "#prismarine_bricks", "uv": [ 0, 0, 2.1, 0.3 ] },
                "up": { "texture": "#prismarine_bricks", "uv": [ 0, 0, 0.6, 2.1 ] }
            }
        }
    ]
}