{
	"credit": "Made by Chigo_",
	"ambientocclusion": false,
	"textures": {
		"0": "block/quartz_block_top",
		"4": "block/emerald_block",
		"5": "block/diamond_block",
		"6": "minecraft:item/voltskiya/item/ethiril",
		"7": "block/prismarine",
		"8": "block/cyan_wool",
		"9": "block/gold_block",
		"particle": "block/quartz_block_top"
	},
	"elements": [
		{
			"from": [7.6, -15.995, 7.6],
			"to": [8.4, 19.005, 8.4],
			"faces": {
				"north": {"uv": [12, 0, 14, 16], "texture": "#6"},
				"east": {"uv": [12, 0, 14, 16], "texture": "#6"},
				"south": {"uv": [12, 0, 14, 16], "texture": "#6"},
				"west": {"uv": [12, 0, 14, 16], "texture": "#6"},
				"up": {"uv": [12, 0, 14, 16], "texture": "#6"},
				"down": {"uv": [12, 0, 14, 16], "texture": "#6"}
			}
		},
		{
			"from": [7.5, -1.745, 7.5],
			"to": [8.5, 4.505, 8.5],
			"faces": {
				"north": {"uv": [1, 0, 4, 16], "texture": "#8"},
				"east": {"uv": [1, 0, 4, 16], "texture": "#8"},
				"south": {"uv": [1, 0, 4, 16], "texture": "#8"},
				"west": {"uv": [1, 0, 4, 16], "texture": "#8"},
				"up": {"uv": [1, 0, 4, 16], "texture": "#8"},
				"down": {"uv": [1, 0, 4, 16], "texture": "#8"}
			}
		},
		{
			"from": [7.7, -15.995, 7.5],
			"to": [8.3, 19.005, 8.5],
			"faces": {
				"north": {"uv": [3, 0, 5, 16], "texture": "#6"},
				"east": {"uv": [3, 0, 5, 16], "texture": "#6"},
				"south": {"uv": [3, 0, 5, 16], "texture": "#6"},
				"west": {"uv": [3, 0, 5, 16], "texture": "#6"},
				"up": {"uv": [3, 0, 5, 16], "texture": "#6"},
				"down": {"uv": [3, 0, 5, 16], "texture": "#6"}
			}
		},
		{
			"from": [7.7, -1.745, 7.4],
			"to": [8.3, 4.505, 8.6],
			"faces": {
				"north": {"uv": [4, 0, 7, 16], "texture": "#8"},
				"east": {"uv": [4, 0, 7, 16], "texture": "#8"},
				"south": {"uv": [4, 0, 7, 16], "texture": "#8"},
				"west": {"uv": [4, 0, 7, 16], "texture": "#8"},
				"up": {"uv": [4, 0, 7, 16], "texture": "#8"},
				"down": {"uv": [4, 0, 7, 16], "texture": "#8"}
			}
		},
		{
			"from": [7.5, -15.995, 7.7],
			"to": [8.5, 19.005, 8.3],
			"faces": {
				"north": {"uv": [0, 0, 2, 16], "texture": "#6"},
				"east": {"uv": [0, 0, 2, 16], "texture": "#6"},
				"south": {"uv": [0, 0, 2, 16], "texture": "#6"},
				"west": {"uv": [0, 0, 2, 16], "texture": "#6"},
				"up": {"uv": [0, 0, 2, 16], "texture": "#6"},
				"down": {"uv": [0, 0, 2, 16], "texture": "#6"}
			}
		},
		{
			"from": [7.4, -1.745, 7.7],
			"to": [8.6, 4.505, 8.3],
			"faces": {
				"north": {"uv": [11, 0, 14, 16], "texture": "#8"},
				"east": {"uv": [11, 0, 14, 16], "texture": "#8"},
				"south": {"uv": [11, 0, 14, 16], "texture": "#8"},
				"west": {"uv": [11, 0, 14, 16], "texture": "#8"},
				"up": {"uv": [11, 0, 14, 16], "texture": "#8"},
				"down": {"uv": [11, 0, 14, 16], "texture": "#8"}
			}
		},
		{
			"from": [7.5, 19, 7.85],
			"to": [8.5, 20.625, 8.15],
			"faces": {
				"north": {"uv": [0, 0, 11, 16], "texture": "#7"},
				"east": {"uv": [0, 0, 4, 16], "texture": "#7"},
				"south": {"uv": [0, 0, 13, 16], "texture": "#7"},
				"west": {"uv": [0, 0, 4, 16], "texture": "#7"},
				"up": {"uv": [0, 0, 13, 16], "texture": "#7"},
				"down": {"uv": [0, 0, 13, 16], "texture": "#7"}
			}
		},
		{
			"from": [7.5, 20.625, 7.85],
			"to": [8.5, 22.25, 8.15],
			"rotation": {"angle": 0, "axis": "y", "origin": [0, -0.375, 0]},
			"faces": {
				"north": {"uv": [0, 0, 11, 16], "texture": "#7"},
				"east": {"uv": [0, 0, 4, 16], "texture": "#7"},
				"south": {"uv": [0, 0, 13, 16], "texture": "#7"},
				"west": {"uv": [0, 0, 4, 16], "texture": "#7"},
				"up": {"uv": [0, 0, 16, 5], "texture": "#7"},
				"down": {"uv": [0, 0, 13, 16], "texture": "#7"}
			}
		},
		{
			"from": [7.665, 22, 7.89],
			"to": [7.765, 23.2, 8.11],
			"faces": {
				"north": {"uv": [0, 0, 2.5, 16], "texture": "#7"},
				"east": {"uv": [0, 0, 3, 16], "texture": "#7"},
				"south": {"uv": [0, 0, 2.5, 16], "texture": "#7"},
				"west": {"uv": [0, 0, 3, 16], "texture": "#7"},
				"up": {"uv": [0, 0, 3, 16], "texture": "#7"},
				"down": {"uv": [0, 0, 3, 16], "texture": "#7"}
			}
		},
		{
			"from": [4.387, 21.25, 7.89],
			"to": [4.487, 21.85, 8.11],
			"rotation": {"angle": 0, "axis": "y", "origin": [0.21, -0.075, -0.04]},
			"faces": {
				"north": {"uv": [0, 0, 3, 16], "texture": "#7"},
				"east": {"uv": [0, 0, 3, 16], "texture": "#7"},
				"south": {"uv": [0, 0, 3, 16], "texture": "#7"},
				"west": {"uv": [0, 0, 3, 16], "texture": "#7"},
				"up": {"uv": [0, 0, 3, 16], "texture": "#7"},
				"down": {"uv": [0, 0, 3, 16], "texture": "#7"}
			}
		},
		{
			"from": [11.513, 21.25, 7.89],
			"to": [11.613, 21.85, 8.11],
			"rotation": {"angle": 0, "axis": "y", "origin": [15.79, -0.075, -0.04]},
			"faces": {
				"north": {"uv": [0, 0, 3, 16], "texture": "#7"},
				"east": {"uv": [0, 0, 3, 16], "texture": "#7"},
				"south": {"uv": [0, 0, 3, 16], "texture": "#7"},
				"west": {"uv": [0, 0, 3, 16], "texture": "#7"},
				"up": {"uv": [0, 0, 3, 16], "texture": "#7"},
				"down": {"uv": [0, 0, 3, 16], "texture": "#7"}
			}
		},
		{
			"from": [4.015, 21.25, 7.89],
			"to": [4.115, 21.85, 8.11],
			"rotation": {"angle": 0, "axis": "y", "origin": [0.21, -0.075, -0.04]},
			"faces": {
				"north": {"uv": [0, 0, 3, 16], "texture": "#7"},
				"east": {"uv": [0, 0, 3, 16], "texture": "#7"},
				"south": {"uv": [0, 0, 3, 16], "texture": "#7"},
				"west": {"uv": [0, 0, 3, 16], "texture": "#7"},
				"up": {"uv": [0, 0, 3, 16], "texture": "#7"},
				"down": {"uv": [0, 0, 3, 16], "texture": "#7"}
			}
		},
		{
			"from": [11.885, 21.25, 7.89],
			"to": [11.985, 21.85, 8.11],
			"rotation": {"angle": 0, "axis": "y", "origin": [15.79, -0.075, -0.04]},
			"faces": {
				"north": {"uv": [0, 0, 3, 16], "texture": "#7"},
				"east": {"uv": [0, 0, 3, 16], "texture": "#7"},
				"south": {"uv": [0, 0, 3, 16], "texture": "#7"},
				"west": {"uv": [0, 0, 3, 16], "texture": "#7"},
				"up": {"uv": [0, 0, 3, 16], "texture": "#7"},
				"down": {"uv": [0, 0, 3, 16], "texture": "#7"}
			}
		},
		{
			"from": [8.235, 22, 7.89],
			"to": [8.335, 23.2, 8.11],
			"rotation": {"angle": 0, "axis": "y", "origin": [16, 0, 0]},
			"faces": {
				"north": {"uv": [0, 0, 2.5, 16], "texture": "#7"},
				"east": {"uv": [0, 0, 3, 16], "texture": "#7"},
				"south": {"uv": [0, 0, 2.5, 16], "texture": "#7"},
				"west": {"uv": [0, 0, 3, 16], "texture": "#7"},
				"up": {"uv": [0, 0, 3, 16], "texture": "#7"},
				"down": {"uv": [0, 0, 3, 16], "texture": "#7"}
			}
		},
		{
			"from": [11.375, 20, 7.85],
			"to": [12.125, 21.25, 8.15],
			"faces": {
				"north": {"uv": [0, 0, 9, 16], "texture": "#7"},
				"east": {"uv": [0, 0, 4, 15], "texture": "#7"},
				"south": {"uv": [0, 0, 9, 16], "texture": "#7"},
				"west": {"uv": [0, 0, 4, 15], "texture": "#7"},
				"up": {"uv": [0, 0, 16, 5], "texture": "#7"},
				"down": {"uv": [0, 0, 16, 5], "texture": "#7"}
			}
		},
		{
			"from": [3.875, 20, 7.85],
			"to": [4.625, 21.25, 8.15],
			"rotation": {"angle": 0, "axis": "y", "origin": [16, 0, 0]},
			"faces": {
				"north": {"uv": [0, 0, 9, 16], "texture": "#7"},
				"east": {"uv": [0, 0, 3, 15], "texture": "#7"},
				"south": {"uv": [0, 0, 3, 15], "texture": "#7"},
				"west": {"uv": [0, 0, 3, 15], "texture": "#7"},
				"up": {"uv": [0, 0, 16, 5], "texture": "#7"},
				"down": {"uv": [0, 0, 16, 5], "texture": "#7"}
			}
		},
		{
			"from": [7.6, 28.15, 7.8999],
			"to": [8.4, 29.9, 8.0999],
			"faces": {
				"north": {"uv": [8, 1, 11, 4], "rotation": 270, "texture": "#0"},
				"east": {"uv": [8, 1, 11, 4], "rotation": 270, "texture": "#0"},
				"south": {"uv": [8, 1, 11, 4], "rotation": 270, "texture": "#0"},
				"west": {"uv": [8, 1, 11, 4], "rotation": 270, "texture": "#0"},
				"up": {"uv": [8, 1, 11, 4], "rotation": 270, "texture": "#0"},
				"down": {"uv": [8, 1, 11, 4], "rotation": 270, "texture": "#0"}
			}
		},
		{
			"from": [7.675, 22.225, 7.8998],
			"to": [8.325, 28.225, 8.0996],
			"faces": {
				"north": {"uv": [8, 1, 11, 4], "rotation": 270, "texture": "#0"},
				"east": {"uv": [8, 1, 11, 4], "rotation": 270, "texture": "#0"},
				"south": {"uv": [8, 1, 11, 4], "rotation": 270, "texture": "#0"},
				"west": {"uv": [8, 1, 11, 4], "rotation": 270, "texture": "#0"},
				"up": {"uv": [8, 1, 11, 4], "rotation": 270, "texture": "#0"},
				"down": {"uv": [8, 1, 11, 4], "rotation": 270, "texture": "#0"}
			}
		},
		{
			"from": [11.525, 21.225, 7.8998],
			"to": [11.975, 25.225, 8.0996],
			"faces": {
				"north": {"uv": [8, 1, 11, 4], "rotation": 270, "texture": "#0"},
				"east": {"uv": [8, 1, 11, 4], "rotation": 270, "texture": "#0"},
				"south": {"uv": [8, 1, 11, 4], "rotation": 270, "texture": "#0"},
				"west": {"uv": [8, 1, 11, 4], "rotation": 270, "texture": "#0"},
				"up": {"uv": [8, 1, 11, 4], "rotation": 270, "texture": "#0"},
				"down": {"uv": [8, 1, 11, 4], "rotation": 270, "texture": "#0"}
			}
		},
		{
			"from": [4.025, 21.225, 7.8998],
			"to": [4.475, 24.975, 8.0996],
			"rotation": {"angle": 0, "axis": "y", "origin": [16, 0, 0]},
			"faces": {
				"north": {"uv": [8, 1, 11, 4], "rotation": 270, "texture": "#0"},
				"east": {"uv": [8, 1, 11, 4], "rotation": 270, "texture": "#0"},
				"south": {"uv": [8, 1, 11, 4], "rotation": 270, "texture": "#0"},
				"west": {"uv": [8, 1, 11, 4], "rotation": 270, "texture": "#0"},
				"up": {"uv": [8, 1, 11, 4], "rotation": 270, "texture": "#0"},
				"down": {"uv": [8, 1, 11, 4], "rotation": 270, "texture": "#0"}
			}
		},
		{
			"from": [3.95, 24.9, 7.9],
			"to": [4.55, 26.15, 8.1],
			"rotation": {"angle": 0, "axis": "y", "origin": [16, 0, 0]},
			"faces": {
				"north": {"uv": [8, 1, 11, 4], "rotation": 270, "texture": "#0"},
				"east": {"uv": [8, 1, 11, 4], "rotation": 270, "texture": "#0"},
				"south": {"uv": [8, 1, 11, 4], "rotation": 270, "texture": "#0"},
				"west": {"uv": [8, 1, 11, 4], "rotation": 270, "texture": "#0"},
				"up": {"uv": [8, 1, 11, 4], "rotation": 270, "texture": "#0"},
				"down": {"uv": [8, 1, 11, 4], "rotation": 270, "texture": "#0"}
			}
		},
		{
			"from": [11.45, 24.9, 7.9],
			"to": [12.05, 26.15, 8.1],
			"faces": {
				"north": {"uv": [8, 1, 11, 4], "rotation": 270, "texture": "#0"},
				"east": {"uv": [8, 1, 11, 4], "rotation": 270, "texture": "#0"},
				"south": {"uv": [8, 1, 11, 4], "rotation": 270, "texture": "#0"},
				"west": {"uv": [8, 1, 11, 4], "rotation": 270, "texture": "#0"},
				"up": {"uv": [8, 1, 11, 4], "rotation": 270, "texture": "#0"},
				"down": {"uv": [8, 1, 11, 4], "rotation": 270, "texture": "#0"}
			}
		},
		{
			"from": [21.00254, 19.33378, 7.8998],
			"to": [21.32254, 19.65378, 8.0996],
			"rotation": {"angle": 22.5, "axis": "z", "origin": [-0.44746, -0.56622, 0]},
			"faces": {
				"north": {"uv": [3, 3, 4, 4], "rotation": 270, "texture": "#0"},
				"east": {"uv": [3, 3, 4, 4], "rotation": 270, "texture": "#0"},
				"south": {"uv": [3, 3, 4, 4], "rotation": 270, "texture": "#0"},
				"west": {"uv": [3, 3, 4, 4], "rotation": 270, "texture": "#0"},
				"up": {"uv": [3, 3, 4, 4], "rotation": 270, "texture": "#0"},
				"down": {"uv": [3, 3, 4, 4], "rotation": 270, "texture": "#0"}
			}
		},
		{
			"from": [-5.32254, 19.33378, 7.8998],
			"to": [-5.00254, 19.65378, 8.0996],
			"rotation": {"angle": -22.5, "axis": "z", "origin": [16.44746, -0.56622, 0]},
			"faces": {
				"north": {"uv": [1, 1, 2, 2], "rotation": 270, "texture": "#0"},
				"east": {"uv": [1, 1, 2, 2], "rotation": 270, "texture": "#0"},
				"south": {"uv": [1, 1, 2, 2], "rotation": 270, "texture": "#0"},
				"west": {"uv": [1, 1, 2, 2], "rotation": 270, "texture": "#0"},
				"up": {"uv": [1, 1, 2, 2], "rotation": 270, "texture": "#0"},
				"down": {"uv": [1, 1, 2, 2], "rotation": 270, "texture": "#0"}
			}
		},
		{
			"from": [0.34858, 28.13941, 7.8999],
			"to": [0.66858, 28.45941, 8.0998],
			"rotation": {"angle": -22.5, "axis": "z", "origin": [0.89858, -0.76059, 0]},
			"faces": {
				"north": {"uv": [4, 1, 5, 2], "rotation": 270, "texture": "#0"},
				"east": {"uv": [4, 1, 5, 2], "rotation": 270, "texture": "#0"},
				"south": {"uv": [4, 1, 5, 2], "rotation": 270, "texture": "#0"},
				"west": {"uv": [4, 1, 5, 2], "rotation": 270, "texture": "#0"},
				"up": {"uv": [4, 1, 5, 2], "rotation": 270, "texture": "#0"},
				"down": {"uv": [4, 1, 5, 2], "rotation": 270, "texture": "#0"}
			}
		},
		{
			"from": [15.33142, 28.13941, 7.8999],
			"to": [15.65142, 28.45941, 8.0998],
			"rotation": {"angle": 22.5, "axis": "z", "origin": [15.10142, -0.76059, 0]},
			"faces": {
				"north": {"uv": [1, 1, 2, 2], "rotation": 270, "texture": "#0"},
				"east": {"uv": [1, 1, 2, 2], "rotation": 270, "texture": "#0"},
				"south": {"uv": [1, 1, 2, 2], "rotation": 270, "texture": "#0"},
				"west": {"uv": [1, 1, 2, 2], "rotation": 270, "texture": "#0"},
				"up": {"uv": [1, 1, 2, 2], "rotation": 270, "texture": "#0"},
				"down": {"uv": [1, 1, 2, 2], "rotation": 270, "texture": "#0"}
			}
		},
		{
			"from": [27.90945, 11.051, 7.9],
			"to": [28.15945, 11.2985, 8.1],
			"rotation": {"angle": 45, "axis": "z", "origin": [1.45945, -0.8473, 0]},
			"faces": {
				"north": {"uv": [1, 1, 2, 2], "rotation": 270, "texture": "#0"},
				"east": {"uv": [1, 1, 2, 2], "rotation": 270, "texture": "#0"},
				"south": {"uv": [1, 1, 2, 2], "rotation": 270, "texture": "#0"},
				"west": {"uv": [1, 1, 2, 2], "rotation": 270, "texture": "#0"},
				"up": {"uv": [1, 1, 2, 2], "rotation": 270, "texture": "#0"},
				"down": {"uv": [1, 1, 2, 2], "rotation": 270, "texture": "#0"}
			}
		},
		{
			"from": [-12.15945, 11.051, 7.9],
			"to": [-11.90945, 11.2985, 8.1],
			"rotation": {"angle": -45, "axis": "z", "origin": [14.54055, -0.8473, 0]},
			"faces": {
				"north": {"uv": [1, 1, 2, 2], "rotation": 270, "texture": "#0"},
				"east": {"uv": [1, 1, 2, 2], "rotation": 270, "texture": "#0"},
				"south": {"uv": [1, 1, 2, 2], "rotation": 270, "texture": "#0"},
				"west": {"uv": [1, 1, 2, 2], "rotation": 270, "texture": "#0"},
				"up": {"uv": [1, 1, 2, 2], "rotation": 270, "texture": "#0"},
				"down": {"uv": [1, 1, 2, 2], "rotation": 270, "texture": "#0"}
			}
		},
		{
			"from": [25.4, 25.375, 7.9001],
			"to": [25.9, 26.1, 8.0999],
			"rotation": {"angle": 45, "axis": "z", "origin": [16, 0, 0]},
			"faces": {
				"north": {"uv": [8, 1, 11, 4], "rotation": 270, "texture": "#0"},
				"east": {"uv": [8, 1, 11, 4], "rotation": 270, "texture": "#0"},
				"south": {"uv": [8, 1, 11, 4], "rotation": 270, "texture": "#0"},
				"west": {"uv": [8, 1, 11, 4], "rotation": 270, "texture": "#0"},
				"up": {"uv": [8, 1, 11, 4], "rotation": 270, "texture": "#0"},
				"down": {"uv": [8, 1, 11, 4], "rotation": 270, "texture": "#0"}
			}
		},
		{
			"from": [-9.9, 25.375, 7.9001],
			"to": [-9.4, 26.1, 8.0999],
			"rotation": {"angle": -45, "axis": "z", "origin": [0, 0, 0]},
			"faces": {
				"north": {"uv": [8, 1, 11, 4], "rotation": 270, "texture": "#0"},
				"east": {"uv": [8, 1, 11, 4], "rotation": 270, "texture": "#0"},
				"south": {"uv": [8, 1, 11, 4], "rotation": 270, "texture": "#0"},
				"west": {"uv": [8, 1, 11, 4], "rotation": 270, "texture": "#0"},
				"up": {"uv": [8, 1, 11, 4], "rotation": 270, "texture": "#0"},
				"down": {"uv": [8, 1, 11, 4], "rotation": 270, "texture": "#0"}
			}
		},
		{
			"from": [14.51102, 27.1604, 7.9003],
			"to": [14.76102, 27.4104, 8.0997],
			"rotation": {"angle": 22.5, "axis": "z", "origin": [16.11102, 1.7854, 0]},
			"faces": {
				"north": {"uv": [1, 1, 2, 2], "rotation": 270, "texture": "#0"},
				"east": {"uv": [1, 1, 2, 2], "rotation": 270, "texture": "#0"},
				"south": {"uv": [1, 1, 2, 2], "rotation": 270, "texture": "#0"},
				"west": {"uv": [1, 1, 2, 2], "rotation": 270, "texture": "#0"},
				"up": {"uv": [1, 1, 2, 2], "rotation": 270, "texture": "#0"},
				"down": {"uv": [1, 1, 2, 2], "rotation": 270, "texture": "#0"}
			}
		},
		{
			"from": [1.23898, 27.1604, 7.9003],
			"to": [1.48898, 27.4104, 8.0997],
			"rotation": {"angle": -22.5, "axis": "z", "origin": [-0.11102, 1.7854, 0]},
			"faces": {
				"north": {"uv": [1, 1, 2, 2], "rotation": 270, "texture": "#0"},
				"east": {"uv": [1, 1, 2, 2], "rotation": 270, "texture": "#0"},
				"south": {"uv": [1, 1, 2, 2], "rotation": 270, "texture": "#0"},
				"west": {"uv": [1, 1, 2, 2], "rotation": 270, "texture": "#0"},
				"up": {"uv": [1, 1, 2, 2], "rotation": 270, "texture": "#0"},
				"down": {"uv": [1, 1, 2, 2], "rotation": 270, "texture": "#0"}
			}
		},
		{
			"from": [13.29688, 28.26199, 7.9002],
			"to": [13.54688, 28.51199, 8.0998],
			"rotation": {"angle": 22.5, "axis": "z", "origin": [17.89688, 1.88699, -0.0001]},
			"faces": {
				"north": {"uv": [1, 1, 2, 2], "rotation": 270, "texture": "#0"},
				"east": {"uv": [1, 1, 2, 2], "rotation": 270, "texture": "#0"},
				"south": {"uv": [1, 1, 2, 2], "rotation": 270, "texture": "#0"},
				"west": {"uv": [1, 1, 2, 2], "rotation": 270, "texture": "#0"},
				"up": {"uv": [1, 1, 2, 2], "rotation": 270, "texture": "#0"},
				"down": {"uv": [1, 1, 2, 2], "rotation": 270, "texture": "#0"}
			}
		},
		{
			"from": [2.45312, 28.26199, 7.9002],
			"to": [2.70312, 28.51199, 8.0998],
			"rotation": {"angle": -22.5, "axis": "z", "origin": [-1.89688, 1.88699, -0.0001]},
			"faces": {
				"north": {"uv": [3, 1, 4, 2], "rotation": 270, "texture": "#0"},
				"east": {"uv": [3, 1, 4, 2], "rotation": 270, "texture": "#0"},
				"south": {"uv": [3, 1, 4, 2], "rotation": 270, "texture": "#0"},
				"west": {"uv": [3, 1, 4, 2], "rotation": 270, "texture": "#0"},
				"up": {"uv": [3, 1, 4, 2], "rotation": 270, "texture": "#0"},
				"down": {"uv": [3, 1, 4, 2], "rotation": 270, "texture": "#0"}
			}
		},
		{
			"from": [-4.11633, 17.9993, 7.9001],
			"to": [-3.86633, 18.2493, 8.0999],
			"rotation": {"angle": -22.5, "axis": "z", "origin": [16.48367, 2.6243, -0.0001]},
			"faces": {
				"north": {"uv": [2, 2, 3, 3], "rotation": 270, "texture": "#0"},
				"east": {"uv": [2, 2, 3, 3], "rotation": 270, "texture": "#0"},
				"south": {"uv": [2, 2, 3, 3], "rotation": 270, "texture": "#0"},
				"west": {"uv": [2, 2, 3, 3], "rotation": 270, "texture": "#0"},
				"up": {"uv": [2, 2, 3, 3], "rotation": 270, "texture": "#0"},
				"down": {"uv": [2, 2, 3, 3], "rotation": 270, "texture": "#0"}
			}
		},
		{
			"from": [19.86633, 17.9993, 7.9001],
			"to": [20.11633, 18.2493, 8.0999],
			"rotation": {"angle": 22.5, "axis": "z", "origin": [-0.48367, 2.6243, -0.0001]},
			"faces": {
				"north": {"uv": [1, 1, 2, 2], "rotation": 270, "texture": "#0"},
				"east": {"uv": [1, 1, 2, 2], "rotation": 270, "texture": "#0"},
				"south": {"uv": [1, 1, 2, 2], "rotation": 270, "texture": "#0"},
				"west": {"uv": [1, 1, 2, 2], "rotation": 270, "texture": "#0"},
				"up": {"uv": [1, 1, 2, 2], "rotation": 270, "texture": "#0"},
				"down": {"uv": [1, 1, 2, 2], "rotation": 270, "texture": "#0"}
			}
		},
		{
			"from": [4.93494, 24.49397, 7.9001],
			"to": [5.15394, 24.71397, 8.0999],
			"rotation": {"angle": 0, "axis": "y", "origin": [15.53494, 3.11897, 0]},
			"faces": {
				"north": {"uv": [7, 5, 8, 6], "rotation": 270, "texture": "#0"},
				"east": {"uv": [7, 5, 8, 6], "rotation": 270, "texture": "#0"},
				"south": {"uv": [7, 5, 8, 6], "rotation": 270, "texture": "#0"},
				"west": {"uv": [7, 5, 8, 6], "rotation": 270, "texture": "#0"},
				"up": {"uv": [7, 5, 8, 6], "rotation": 270, "texture": "#0"},
				"down": {"uv": [7, 5, 8, 6], "rotation": 270, "texture": "#0"}
			}
		},
		{
			"from": [10.84606, 24.49397, 7.9001],
			"to": [11.06506, 24.71397, 8.0999],
			"rotation": {"angle": 0, "axis": "y", "origin": [0.46506, 3.11897, 0]},
			"faces": {
				"north": {"uv": [1, 1, 2, 2], "rotation": 270, "texture": "#0"},
				"east": {"uv": [1, 1, 2, 2], "rotation": 270, "texture": "#0"},
				"south": {"uv": [1, 1, 2, 2], "rotation": 270, "texture": "#0"},
				"west": {"uv": [1, 1, 2, 2], "rotation": 270, "texture": "#0"},
				"up": {"uv": [1, 1, 2, 2], "rotation": 270, "texture": "#0"},
				"down": {"uv": [1, 1, 2, 2], "rotation": 270, "texture": "#0"}
			}
		},
		{
			"from": [3.33551, 24.49222, 7.9],
			"to": [3.55451, 24.71222, 8.0998],
			"rotation": {"angle": 0, "axis": "y", "origin": [15.93551, 3.11722, -0.0001]},
			"faces": {
				"north": {"uv": [1, 1, 2, 2], "rotation": 270, "texture": "#0"},
				"east": {"uv": [1, 1, 2, 2], "rotation": 270, "texture": "#0"},
				"south": {"uv": [1, 1, 2, 2], "rotation": 270, "texture": "#0"},
				"west": {"uv": [1, 1, 2, 2], "rotation": 270, "texture": "#0"},
				"up": {"uv": [1, 1, 2, 2], "rotation": 270, "texture": "#0"},
				"down": {"uv": [1, 1, 2, 2], "rotation": 270, "texture": "#0"}
			}
		},
		{
			"from": [12.44549, 24.49222, 7.9],
			"to": [12.66449, 24.71222, 8.0998],
			"rotation": {"angle": 0, "axis": "y", "origin": [0.06449, 3.11722, -0.0001]},
			"faces": {
				"north": {"uv": [4, 3, 5, 4], "rotation": 270, "texture": "#0"},
				"east": {"uv": [4, 3, 5, 4], "rotation": 270, "texture": "#0"},
				"south": {"uv": [4, 3, 5, 4], "rotation": 270, "texture": "#0"},
				"west": {"uv": [4, 3, 5, 4], "rotation": 270, "texture": "#0"},
				"up": {"uv": [4, 3, 5, 4], "rotation": 270, "texture": "#0"},
				"down": {"uv": [4, 3, 5, 4], "rotation": 270, "texture": "#0"}
			}
		},
		{
			"from": [-2.44131, 17.41791, 7.9002],
			"to": [-2.19131, 17.66791, 8.0998],
			"rotation": {"angle": -22.5, "axis": "z", "origin": [19.15869, 3.04291, 0]},
			"faces": {
				"north": {"uv": [1, 1, 2, 2], "rotation": 270, "texture": "#0"},
				"east": {"uv": [1, 1, 2, 2], "rotation": 270, "texture": "#0"},
				"south": {"uv": [1, 1, 2, 2], "rotation": 270, "texture": "#0"},
				"west": {"uv": [1, 1, 2, 2], "rotation": 270, "texture": "#0"},
				"up": {"uv": [1, 1, 2, 2], "rotation": 270, "texture": "#0"},
				"down": {"uv": [1, 1, 2, 2], "rotation": 270, "texture": "#0"}
			}
		},
		{
			"from": [18.19131, 17.41791, 7.9002],
			"to": [18.44131, 17.66791, 8.0998],
			"rotation": {"angle": 22.5, "axis": "z", "origin": [-3.15869, 3.04291, 0]},
			"faces": {
				"north": {"uv": [12, 10, 13, 11], "rotation": 270, "texture": "#0"},
				"east": {"uv": [12, 10, 13, 11], "rotation": 270, "texture": "#0"},
				"south": {"uv": [12, 10, 13, 11], "rotation": 270, "texture": "#0"},
				"west": {"uv": [12, 10, 13, 11], "rotation": 270, "texture": "#0"},
				"up": {"uv": [12, 10, 13, 11], "rotation": 270, "texture": "#0"},
				"down": {"uv": [12, 10, 13, 11], "rotation": 270, "texture": "#0"}
			}
		},
		{
			"from": [-10.525, 8.75, 7.9002],
			"to": [-10.025, 9.475, 8.0998],
			"rotation": {"angle": -45, "axis": "z", "origin": [16, 0, 0]},
			"faces": {
				"north": {"uv": [8, 1, 11, 4], "rotation": 270, "texture": "#0"},
				"east": {"uv": [8, 1, 11, 4], "rotation": 270, "texture": "#0"},
				"south": {"uv": [8, 1, 11, 4], "rotation": 270, "texture": "#0"},
				"west": {"uv": [8, 1, 11, 4], "rotation": 270, "texture": "#0"},
				"up": {"uv": [8, 1, 11, 4], "rotation": 270, "texture": "#0"},
				"down": {"uv": [8, 1, 11, 4], "rotation": 270, "texture": "#0"}
			}
		},
		{
			"from": [26.025, 8.75, 7.9002],
			"to": [26.525, 9.475, 8.0998],
			"rotation": {"angle": 45, "axis": "z", "origin": [0, 0, 0]},
			"faces": {
				"north": {"uv": [8, 1, 11, 4], "rotation": 270, "texture": "#0"},
				"east": {"uv": [8, 1, 11, 4], "rotation": 270, "texture": "#0"},
				"south": {"uv": [8, 1, 11, 4], "rotation": 270, "texture": "#0"},
				"west": {"uv": [8, 1, 11, 4], "rotation": 270, "texture": "#0"},
				"up": {"uv": [8, 1, 11, 4], "rotation": 270, "texture": "#0"},
				"down": {"uv": [8, 1, 11, 4], "rotation": 270, "texture": "#0"}
			}
		},
		{
			"from": [26.59808, 13.00528, 7.9],
			"to": [28.09808, 13.65528, 8.0996],
			"rotation": {"angle": 45, "axis": "z", "origin": [-0.40192, -3.06972, -0.0001]},
			"faces": {
				"north": {"uv": [8, 1, 11, 4], "rotation": 270, "texture": "#0"},
				"east": {"uv": [8, 1, 11, 4], "rotation": 270, "texture": "#0"},
				"south": {"uv": [8, 1, 11, 4], "rotation": 270, "texture": "#0"},
				"west": {"uv": [8, 1, 11, 4], "rotation": 270, "texture": "#0"},
				"up": {"uv": [8, 1, 11, 4], "rotation": 270, "texture": "#0"},
				"down": {"uv": [8, 1, 11, 4], "rotation": 270, "texture": "#0"}
			}
		},
		{
			"from": [18.24246, 23.13601, 7.9001],
			"to": [18.54246, 23.43601, 8.0997],
			"rotation": {"angle": 22.5, "axis": "z", "origin": [2.24246, -2.93899, -0.0001]},
			"faces": {
				"north": {"uv": [3, 2, 4, 3], "rotation": 270, "texture": "#0"},
				"east": {"uv": [3, 2, 4, 3], "rotation": 270, "texture": "#0"},
				"south": {"uv": [3, 2, 4, 3], "rotation": 270, "texture": "#0"},
				"west": {"uv": [3, 2, 4, 3], "rotation": 270, "texture": "#0"},
				"up": {"uv": [3, 2, 4, 3], "rotation": 270, "texture": "#0"},
				"down": {"uv": [3, 2, 4, 3], "rotation": 270, "texture": "#0"}
			}
		},
		{
			"from": [-2.54246, 23.13601, 7.9001],
			"to": [-2.24246, 23.43601, 8.0997],
			"rotation": {"angle": -22.5, "axis": "z", "origin": [13.75754, -2.93899, -0.0001]},
			"faces": {
				"north": {"uv": [1, 1, 2, 2], "rotation": 270, "texture": "#0"},
				"east": {"uv": [1, 1, 2, 2], "rotation": 270, "texture": "#0"},
				"south": {"uv": [1, 1, 2, 2], "rotation": 270, "texture": "#0"},
				"west": {"uv": [1, 1, 2, 2], "rotation": 270, "texture": "#0"},
				"up": {"uv": [1, 1, 2, 2], "rotation": 270, "texture": "#0"},
				"down": {"uv": [1, 1, 2, 2], "rotation": 270, "texture": "#0"}
			}
		},
		{
			"from": [-5.44549, 26.41654, 7.9],
			"to": [-5.14549, 26.71654, 8.0996],
			"rotation": {"angle": -22.5, "axis": "z", "origin": [3.55451, -3.65846, -0.0001]},
			"faces": {
				"north": {"uv": [1, 1, 2, 2], "rotation": 270, "texture": "#0"},
				"east": {"uv": [1, 1, 2, 2], "rotation": 270, "texture": "#0"},
				"south": {"uv": [1, 1, 2, 2], "rotation": 270, "texture": "#0"},
				"west": {"uv": [1, 1, 2, 2], "rotation": 270, "texture": "#0"},
				"up": {"uv": [1, 1, 2, 2], "rotation": 270, "texture": "#0"},
				"down": {"uv": [1, 1, 2, 2], "rotation": 270, "texture": "#0"}
			}
		},
		{
			"from": [21.14549, 26.41654, 7.9],
			"to": [21.44549, 26.71654, 8.0996],
			"rotation": {"angle": 22.5, "axis": "z", "origin": [12.44549, -3.65846, -0.0001]},
			"faces": {
				"north": {"uv": [1, 1, 2, 2], "rotation": 270, "texture": "#0"},
				"east": {"uv": [1, 1, 2, 2], "rotation": 270, "texture": "#0"},
				"south": {"uv": [1, 1, 2, 2], "rotation": 270, "texture": "#0"},
				"west": {"uv": [1, 1, 2, 2], "rotation": 270, "texture": "#0"},
				"up": {"uv": [1, 1, 2, 2], "rotation": 270, "texture": "#0"},
				"down": {"uv": [1, 1, 2, 2], "rotation": 270, "texture": "#0"}
			}
		},
		{
			"from": [6.7485, 27.2741, 7.9003],
			"to": [7.0475, 27.5741, 8.0995],
			"rotation": {"angle": 0, "axis": "y", "origin": [4.74606, -1.8009, 0]},
			"faces": {
				"north": {"uv": [1, 1, 2, 2], "rotation": 270, "texture": "#0"},
				"east": {"uv": [1, 1, 2, 2], "rotation": 270, "texture": "#0"},
				"south": {"uv": [1, 1, 2, 2], "rotation": 270, "texture": "#0"},
				"west": {"uv": [1, 1, 2, 2], "rotation": 270, "texture": "#0"},
				"up": {"uv": [1, 1, 2, 2], "rotation": 270, "texture": "#0"},
				"down": {"uv": [1, 1, 2, 2], "rotation": 270, "texture": "#0"}
			}
		},
		{
			"from": [8.9525, 27.2741, 7.9003],
			"to": [9.2515, 27.5741, 8.0995],
			"rotation": {"angle": 0, "axis": "y", "origin": [11.25394, -1.8009, 0]},
			"faces": {
				"north": {"uv": [8, 5, 9, 6], "rotation": 270, "texture": "#0"},
				"east": {"uv": [8, 5, 9, 6], "rotation": 270, "texture": "#0"},
				"south": {"uv": [8, 5, 9, 6], "rotation": 270, "texture": "#0"},
				"west": {"uv": [8, 5, 9, 6], "rotation": 270, "texture": "#0"},
				"up": {"uv": [8, 5, 9, 6], "rotation": 270, "texture": "#0"},
				"down": {"uv": [8, 5, 9, 6], "rotation": 270, "texture": "#0"}
			}
		},
		{
			"from": [-12.09808, 13.00528, 7.9001],
			"to": [-10.59808, 13.65528, 8.0995],
			"rotation": {"angle": -45, "axis": "z", "origin": [16.40192, -3.06972, -0.0001]},
			"faces": {
				"north": {"uv": [8, 1, 11, 4], "rotation": 270, "texture": "#0"},
				"east": {"uv": [8, 1, 11, 4], "rotation": 270, "texture": "#0"},
				"south": {"uv": [8, 1, 11, 4], "rotation": 270, "texture": "#0"},
				"west": {"uv": [8, 1, 11, 4], "rotation": 270, "texture": "#0"},
				"up": {"uv": [8, 1, 11, 4], "rotation": 270, "texture": "#0"},
				"down": {"uv": [8, 1, 11, 4], "rotation": 270, "texture": "#0"}
			}
		},
		{
			"from": [19.93737, 24.5368, 7.9],
			"to": [20.33737, 24.9368, 8.0998],
			"rotation": {"angle": 22.5, "axis": "z", "origin": [0.88737, -2.7882, -0.0002]},
			"faces": {
				"north": {"uv": [1, 1, 2, 2], "rotation": 270, "texture": "#0"},
				"east": {"uv": [1, 1, 2, 2], "rotation": 270, "texture": "#0"},
				"south": {"uv": [1, 1, 2, 2], "rotation": 270, "texture": "#0"},
				"west": {"uv": [1, 1, 2, 2], "rotation": 270, "texture": "#0"},
				"up": {"uv": [1, 1, 2, 2], "rotation": 270, "texture": "#0"},
				"down": {"uv": [1, 1, 2, 2], "rotation": 270, "texture": "#0"}
			}
		},
		{
			"from": [-4.33737, 24.5368, 7.8998],
			"to": [-3.93737, 24.9368, 8.0997],
			"rotation": {"angle": -22.5, "axis": "z", "origin": [15.11263, -2.7882, -0.0002]},
			"faces": {
				"north": {"uv": [9, 2, 10, 3], "rotation": 270, "texture": "#0"},
				"east": {"uv": [9, 2, 10, 3], "rotation": 270, "texture": "#0"},
				"south": {"uv": [9, 2, 10, 3], "rotation": 270, "texture": "#0"},
				"west": {"uv": [9, 2, 10, 3], "rotation": 270, "texture": "#0"},
				"up": {"uv": [9, 2, 10, 3], "rotation": 270, "texture": "#0"},
				"down": {"uv": [9, 2, 10, 3], "rotation": 270, "texture": "#0"}
			}
		},
		{
			"from": [29.75973, 14.14077, 7.8999],
			"to": [30.10973, 14.49077, 8.0999],
			"rotation": {"angle": 45, "axis": "z", "origin": [-0.29027, -4.18423, -0.0001]},
			"faces": {
				"north": {"uv": [2, 2, 3, 3], "rotation": 270, "texture": "#0"},
				"east": {"uv": [2, 2, 3, 3], "rotation": 270, "texture": "#0"},
				"south": {"uv": [2, 2, 3, 3], "rotation": 270, "texture": "#0"},
				"west": {"uv": [2, 2, 3, 3], "rotation": 270, "texture": "#0"},
				"up": {"uv": [2, 2, 3, 3], "rotation": 270, "texture": "#0"},
				"down": {"uv": [2, 2, 3, 3], "rotation": 270, "texture": "#0"}
			}
		},
		{
			"from": [7.6, 19.25, 7.75],
			"to": [8.4, 21.5, 7.85],
			"rotation": {"angle": 0, "axis": "y", "origin": [0.1, 1, -0.025]},
			"faces": {
				"north": {"uv": [0, 0, 8, 16], "texture": "#7"},
				"east": {"uv": [0, 0, 2, 16], "texture": "#7"},
				"south": {"uv": [0, 0, 8, 16], "texture": "#7"},
				"west": {"uv": [0, 0, 2, 16], "texture": "#7"},
				"up": {"uv": [0, 0, 8, 2], "texture": "#7"},
				"down": {"uv": [0, 0, 8, 16], "texture": "#7"}
			}
		},
		{
			"from": [7.65, 21.475, 7.7503],
			"to": [8.35, 21.595, 7.8503],
			"rotation": {"angle": 0, "axis": "y", "origin": [0.1, 1, -0.025]},
			"faces": {
				"north": {"uv": [0, 0, 6, 1], "texture": "#7"},
				"east": {"uv": [0, 0, 2, 1], "texture": "#7"},
				"south": {"uv": [0, 0, 6, 1], "texture": "#7"},
				"west": {"uv": [0, 0, 2, 1], "texture": "#7"},
				"up": {"uv": [0, 0, 6, 2], "texture": "#7"},
				"down": {"uv": [0, 0, 6, 1], "texture": "#7"}
			}
		},
		{
			"from": [7.85, 19.6, 7.7],
			"to": [8.15, 19.9, 8.3],
			"rotation": {"angle": 0, "axis": "y", "origin": [-0.05, 2.55, 0.025]},
			"faces": {
				"north": {"uv": [1, 3, 7, 9], "texture": "#5"},
				"east": {"uv": [1, 3, 7, 9], "texture": "#5"},
				"south": {"uv": [1, 3, 7, 9], "texture": "#5"},
				"west": {"uv": [1, 3, 7, 9], "texture": "#5"},
				"up": {"uv": [1, 3, 7, 9], "texture": "#5"},
				"down": {"uv": [1, 3, 7, 9], "texture": "#5"}
			}
		},
		{
			"from": [7.85, 20.35, 7.7],
			"to": [8.15, 20.65, 8.3],
			"rotation": {"angle": 0, "axis": "y", "origin": [-0.05, 2.55, 0.025]},
			"faces": {
				"north": {"uv": [5, 5, 11, 11], "texture": "#4"},
				"east": {"uv": [5, 5, 11, 11], "texture": "#4"},
				"south": {"uv": [5, 5, 11, 11], "texture": "#4"},
				"west": {"uv": [5, 5, 11, 11], "texture": "#4"},
				"up": {"uv": [5, 5, 11, 11], "texture": "#4"},
				"down": {"uv": [5, 5, 11, 11], "texture": "#4"}
			}
		},
		{
			"from": [7.85, 21.1, 7.7],
			"to": [8.15, 21.4, 8.3],
			"rotation": {"angle": 0, "axis": "y", "origin": [-0.05, 2.55, 0.025]},
			"faces": {
				"north": {"uv": [9, 1, 15, 7], "texture": "#5"},
				"east": {"uv": [9, 1, 15, 7], "texture": "#5"},
				"south": {"uv": [9, 1, 15, 7], "texture": "#5"},
				"west": {"uv": [9, 1, 15, 7], "texture": "#5"},
				"up": {"uv": [9, 1, 15, 7], "texture": "#5"},
				"down": {"uv": [9, 1, 15, 7], "texture": "#5"}
			}
		},
		{
			"from": [11.45, 20, 7.75],
			"to": [12.05, 21, 7.85],
			"rotation": {"angle": 0, "axis": "y", "origin": [0.1, 1, -0.025]},
			"faces": {
				"north": {"uv": [0, 0, 8, 16], "texture": "#7"},
				"east": {"uv": [0, 0, 3, 15], "texture": "#7"},
				"south": {"uv": [0, 0, 3, 15], "texture": "#7"},
				"west": {"uv": [0, 0, 3, 15], "texture": "#7"},
				"up": {"uv": [0, 0, 16, 2], "texture": "#7"},
				"down": {"uv": [0, 0, 16, 2], "texture": "#7"}
			}
		},
		{
			"from": [3.95, 20, 7.75],
			"to": [4.55, 21, 7.85],
			"rotation": {"angle": 0, "axis": "y", "origin": [15.9, 1, -0.025]},
			"faces": {
				"north": {"uv": [0, 0, 8, 16], "texture": "#7"},
				"east": {"uv": [0, 0, 3, 15], "texture": "#7"},
				"south": {"uv": [0, 0, 3, 15], "texture": "#7"},
				"west": {"uv": [0, 0, 3, 15], "texture": "#7"},
				"up": {"uv": [0, 0, 16, 2], "texture": "#7"},
				"down": {"uv": [0, 0, 16, 2], "texture": "#7"}
			}
		},
		{
			"from": [7.6, 19.25, 8.15],
			"to": [8.4, 21.5, 8.25],
			"rotation": {"angle": 0, "axis": "y", "origin": [0.2, 1.75, -0.625]},
			"faces": {
				"north": {"uv": [0, 0, 8, 16], "texture": "#7"},
				"east": {"uv": [0, 0, 2, 16], "texture": "#7"},
				"south": {"uv": [0, 0, 8, 16], "texture": "#7"},
				"west": {"uv": [0, 0, 2, 16], "texture": "#7"},
				"up": {"uv": [0, 0, 8, 2], "texture": "#7"},
				"down": {"uv": [0, 0, 8, 16], "texture": "#7"}
			}
		},
		{
			"from": [7.65, 21.475, 8.1498],
			"to": [8.35, 21.595, 8.2498],
			"rotation": {"angle": 0, "axis": "y", "origin": [0.2, 1.75, -0.625]},
			"faces": {
				"north": {"uv": [0, 0, 6, 1], "texture": "#7"},
				"east": {"uv": [0, 0, 6, 1], "texture": "#7"},
				"south": {"uv": [0, 0, 6, 1], "texture": "#7"},
				"west": {"uv": [0, 0, 6, 1], "texture": "#7"},
				"up": {"uv": [0, 0, 6, 2], "texture": "#7"},
				"down": {"uv": [0, 0, 6, 1], "texture": "#7"}
			}
		},
		{
			"from": [11.45, 20, 8.15],
			"to": [12.05, 21, 8.25],
			"rotation": {"angle": 0, "axis": "y", "origin": [0.2, 1.75, -0.625]},
			"faces": {
				"north": {"uv": [0, 0, 3, 15], "texture": "#7"},
				"east": {"uv": [0, 0, 3, 15], "texture": "#7"},
				"south": {"uv": [0, 0, 8, 16], "texture": "#7"},
				"west": {"uv": [0, 0, 2.5, 15], "texture": "#7"},
				"up": {"uv": [0, 0, 16, 2], "texture": "#7"},
				"down": {"uv": [0, 0, 16, 2], "texture": "#7"}
			}
		},
		{
			"from": [3.95, 20, 8.15],
			"to": [4.55, 21, 8.25],
			"rotation": {"angle": 0, "axis": "y", "origin": [15.8, 1.75, -0.625]},
			"faces": {
				"north": {"uv": [0, 0, 3, 15], "texture": "#7"},
				"east": {"uv": [0, 0, 3, 15], "texture": "#7"},
				"south": {"uv": [0, 0, 3, 15], "texture": "#7"},
				"west": {"uv": [0, 0, 3, 15], "texture": "#7"},
				"up": {"uv": [0, 0, 16, 2], "texture": "#7"},
				"down": {"uv": [0, 0, 16, 2], "texture": "#7"}
			}
		},
		{
			"from": [4.5, 19, 7.5],
			"to": [6.25, 19.3, 8.5],
			"faces": {
				"north": {"uv": [0, 0, 16, 4], "texture": "#7"},
				"east": {"uv": [0, 0, 16, 6], "texture": "#7"},
				"south": {"uv": [0, 0, 16, 4], "texture": "#7"},
				"west": {"uv": [0, 0, 16, 6], "texture": "#7"},
				"up": {"uv": [0, 0, 16, 7], "texture": "#7"},
				"down": {"uv": [0, 0, 16, 7], "texture": "#7"}
			}
		},
		{
			"from": [9.75, 19, 7.5],
			"to": [11.5, 19.3, 8.5],
			"rotation": {"angle": 0, "axis": "y", "origin": [16, 0, 0]},
			"faces": {
				"north": {"uv": [0, 0, 16, 4], "texture": "#7"},
				"east": {"uv": [0, 0, 16, 6], "texture": "#7"},
				"south": {"uv": [0, 0, 16, 4], "texture": "#7"},
				"west": {"uv": [0, 0, 16, 6], "texture": "#7"},
				"up": {"uv": [0, 0, 16, 7], "texture": "#7"},
				"down": {"uv": [0, 0, 16, 7], "texture": "#7"}
			}
		},
		{
			"from": [8, 19, 7.5],
			"to": [9.75, 19.3, 8.5],
			"rotation": {"angle": 0, "axis": "y", "origin": [16, 0, 0]},
			"faces": {
				"north": {"uv": [0, 0, 16, 4], "texture": "#7"},
				"east": {"uv": [0, 0, 16, 6], "texture": "#7"},
				"south": {"uv": [0, 0, 16, 4], "texture": "#7"},
				"west": {"uv": [0, 0, 16, 6], "texture": "#7"},
				"up": {"uv": [0, 0, 16, 7], "texture": "#7"},
				"down": {"uv": [0, 0, 16, 7], "texture": "#7"}
			}
		},
		{
			"from": [6.25, 19, 7.5],
			"to": [8, 19.3, 8.5],
			"faces": {
				"north": {"uv": [0, 0, 16, 4], "texture": "#7"},
				"east": {"uv": [0, 0, 16, 6], "texture": "#7"},
				"south": {"uv": [0, 0, 16, 4], "texture": "#7"},
				"west": {"uv": [0, 0, 16, 6], "texture": "#7"},
				"up": {"uv": [0, 0, 16, 7], "texture": "#7"},
				"down": {"uv": [0, 0, 16, 7], "texture": "#7"}
			}
		},
		{
			"from": [7.25, 18.85, 7.375],
			"to": [8.75, 19.15, 8.625],
			"faces": {
				"north": {"uv": [0, 0, 16, 4], "texture": "#7"},
				"east": {"uv": [0, 0, 16, 4], "texture": "#7"},
				"south": {"uv": [0, 0, 16, 4], "texture": "#7"},
				"west": {"uv": [0, 0, 16, 4], "texture": "#7"},
				"up": {"uv": [0, 0, 16, 4], "texture": "#7"},
				"down": {"uv": [0, 0, 16, 4], "texture": "#7"}
			}
		},
		{
			"from": [7.375, 19.25, 7.6],
			"to": [8.625, 19.45, 8.4],
			"faces": {
				"north": {"uv": [0, 0, 12, 4], "texture": "#7"},
				"east": {"uv": [0, 0, 12, 4], "texture": "#7"},
				"south": {"uv": [0, 0, 12, 4], "texture": "#7"},
				"west": {"uv": [0, 0, 12, 4], "texture": "#7"},
				"up": {"uv": [0, 0, 12, 4], "texture": "#7"},
				"down": {"uv": [0, 0, 12, 4], "texture": "#7"}
			}
		},
		{
			"from": [7.35, 18.65, 7.425],
			"to": [8.65, 18.95, 8.575],
			"faces": {
				"north": {"uv": [0, 0, 16, 3], "texture": "#7"},
				"east": {"uv": [0, 0, 16, 3], "texture": "#7"},
				"south": {"uv": [0, 0, 16, 3], "texture": "#7"},
				"west": {"uv": [0, 0, 16, 3], "texture": "#7"},
				"up": {"uv": [0, 0, 16, 3], "texture": "#7"},
				"down": {"uv": [0, 0, 16, 3], "texture": "#7"}
			}
		},
		{
			"from": [7.4, 18.575, 7.475],
			"to": [8.6, 18.7, 8.525],
			"faces": {
				"north": {"uv": [0, 0, 16, 2], "texture": "#7"},
				"east": {"uv": [0, 0, 16, 2], "texture": "#7"},
				"south": {"uv": [0, 0, 16, 2], "texture": "#7"},
				"west": {"uv": [0, 0, 16, 2], "texture": "#7"},
				"up": {"uv": [0, 0, 16, 2], "texture": "#7"},
				"down": {"uv": [0, 0, 16, 2], "texture": "#7"}
			}
		},
		{
			"from": [-11.5419, 18.19464, 7.8501],
			"to": [-8.7919, 18.29464, 8.1499],
			"rotation": {"angle": -45, "axis": "z", "origin": [-0.0419, 0.31964, 0.35]},
			"faces": {
				"north": {"uv": [0, 0, 16, 1], "texture": "#7"},
				"east": {"uv": [0, 0, 16, 2], "texture": "#7"},
				"south": {"uv": [0, 0, 16, 1], "texture": "#7"},
				"west": {"uv": [0, 0, 16, 2], "texture": "#7"},
				"up": {"uv": [0, 0, 16, 2.75], "texture": "#7"},
				"down": {"uv": [0, 0, 16, 2.75], "texture": "#7"}
			}
		},
		{
			"from": [24.7919, 18.19464, 7.8501],
			"to": [27.5419, 18.29464, 8.1499],
			"rotation": {"angle": 45, "axis": "z", "origin": [16.0419, 0.31964, 0.35]},
			"faces": {
				"north": {"uv": [0, 0, 16, 1], "texture": "#7"},
				"east": {"uv": [0, 0, 16, 2], "texture": "#7"},
				"south": {"uv": [0, 0, 16, 1], "texture": "#7"},
				"west": {"uv": [0, 0, 16, 2], "texture": "#7"},
				"up": {"uv": [0, 0, 16, 2.75], "texture": "#7"},
				"down": {"uv": [0, 0, 16, 2.75], "texture": "#7"}
			}
		},
		{
			"from": [22.5669, 21.56964, 7.8502],
			"to": [25.3169, 21.66964, 8.1496],
			"rotation": {"angle": 45, "axis": "z", "origin": [16.0419, 0.31964, 0.35]},
			"faces": {
				"north": {"uv": [0, 0, 16, 1], "texture": "#7"},
				"east": {"uv": [0, 0, 16, 2], "texture": "#7"},
				"south": {"uv": [0, 0, 16, 1], "texture": "#7"},
				"west": {"uv": [0, 0, 16, 2], "texture": "#7"},
				"up": {"uv": [0, 0, 16, 2.75], "texture": "#7"},
				"down": {"uv": [0, 0, 16, 2.75], "texture": "#7"}
			}
		},
		{
			"from": [-9.3169, 21.56964, 7.8502],
			"to": [-6.5669, 21.66964, 8.1496],
			"rotation": {"angle": -45, "axis": "z", "origin": [-0.0419, 0.31964, 0.35]},
			"faces": {
				"north": {"uv": [0, 0, 16, 1], "texture": "#7"},
				"east": {"uv": [0, 0, 16, 2], "texture": "#7"},
				"south": {"uv": [0, 0, 16, 2], "texture": "#7"},
				"west": {"uv": [0, 0, 16, 2], "texture": "#7"},
				"up": {"uv": [0, 0, 16, 2.75], "texture": "#7"},
				"down": {"uv": [0, 0, 16, 2.75], "texture": "#7"}
			}
		},
		{
			"from": [12.54451, 0.12294, 7.5],
			"to": [14.84451, 0.37294, 8.499],
			"rotation": {"angle": 45, "axis": "z", "origin": [-6.95549, 2.12294, -0.0004]},
			"faces": {
				"north": {"uv": [0, 0, 16, 3], "texture": "#7"},
				"east": {"uv": [0, 0, 4, 9], "texture": "#7"},
				"south": {"uv": [0, 0, 16, 3], "texture": "#7"},
				"west": {"uv": [0, 0, 4, 9], "texture": "#7"},
				"up": {"uv": [0, 0, 16, 8], "texture": "#7"},
				"down": {"uv": [0, 0, 16, 8], "texture": "#7"}
			}
		},
		{
			"from": [1.15549, 0.12294, 7.5],
			"to": [3.45549, 0.37294, 8.499],
			"rotation": {"angle": -45, "axis": "z", "origin": [22.95549, 2.12294, -0.0004]},
			"faces": {
				"north": {"uv": [0, 0, 16, 3], "texture": "#7"},
				"east": {"uv": [0, 0, 4, 9], "texture": "#7"},
				"south": {"uv": [0, 0, 16, 3], "texture": "#7"},
				"west": {"uv": [0, 0, 4, 9], "texture": "#7"},
				"up": {"uv": [16, 0, 0, 8], "texture": "#7"},
				"down": {"uv": [0, 0, 16, 8], "texture": "#7"}
			}
		},
		{
			"from": [15.04954, -0.37203, 7.5],
			"to": [17.34954, -0.12203, 8.499],
			"rotation": {"angle": 45, "axis": "z", "origin": [-7.45046, 1.62797, -0.0003]},
			"faces": {
				"north": {"uv": [0, 0, 16, 3], "texture": "#7"},
				"east": {"uv": [0, 0, 4, 9], "texture": "#7"},
				"south": {"uv": [0, 0, 16, 3], "texture": "#7"},
				"west": {"uv": [0, 0, 4, 9], "texture": "#7"},
				"up": {"uv": [0, 0, 16, 8], "texture": "#7"},
				"down": {"uv": [0, 0, 16, 8], "texture": "#7"}
			}
		},
		{
			"from": [-1.34927, -0.37187, 7.5],
			"to": [0.95053, -0.12187, 8.499],
			"rotation": {"angle": -45, "axis": "z", "origin": [23.45029, 1.62813, -0.0003]},
			"faces": {
				"north": {"uv": [0, 0, 16, 3], "texture": "#7"},
				"east": {"uv": [0.999, 0, 0, 0.25], "texture": "#7"},
				"south": {"uv": [0, 0, 16, 3], "texture": "#7"},
				"west": {"uv": [0, 0, 4, 9], "texture": "#7"},
				"up": {"uv": [16, 0, 0, 8], "texture": "#7"},
				"down": {"uv": [0, 0, 16, 8], "texture": "#7"}
			}
		},
		{
			"from": [0.67767, 3.53654, 7.5002],
			"to": [1.46767, 3.88654, 8.4992],
			"rotation": {"angle": -45, "axis": "z", "origin": [21.67767, 7.53654, -0.0005]},
			"faces": {
				"north": {"uv": [0, 0, 9, 6], "texture": "#7"},
				"east": {"uv": [0, 0, 7, 4], "texture": "#7"},
				"south": {"uv": [0, 0, 7, 4], "texture": "#7"},
				"west": {"uv": [0, 0, 7, 4], "texture": "#7"},
				"up": {"uv": [0, 0, 10, 13], "texture": "#7"},
				"down": {"uv": [0, 0, 9, 13], "texture": "#7"}
			}
		},
		{
			"from": [14.53233, 3.53654, 7.5002],
			"to": [15.32233, 3.88654, 8.4992],
			"rotation": {"angle": 45, "axis": "z", "origin": [-5.67767, 7.53654, -0.0005]},
			"faces": {
				"north": {"uv": [0, 0, 9, 6], "texture": "#7"},
				"east": {"uv": [0, 0, 7, 4], "texture": "#7"},
				"south": {"uv": [0, 0, 7, 4], "texture": "#7"},
				"west": {"uv": [0, 0, 7, 4], "texture": "#7"},
				"up": {"uv": [0, 0, 10, 13], "texture": "#7"},
				"down": {"uv": [0, 0, 9, 13], "texture": "#7"}
			}
		},
		{
			"from": [4.5, 17.75, 7.5001],
			"to": [4.75, 19, 8.4991],
			"rotation": {"angle": 0, "axis": "y", "origin": [19.5, 7.25, -0.0003]},
			"faces": {
				"north": {"uv": [0, 0, 4, 9], "texture": "#7"},
				"east": {"uv": [0, 0, 12, 11], "texture": "#7"},
				"south": {"uv": [0, 0, 4, 9], "texture": "#7"},
				"west": {"uv": [0, 0, 12, 11], "texture": "#7"},
				"up": {"uv": [0, 0, 4, 9], "texture": "#7"},
				"down": {"uv": [0, 0, 4, 9], "texture": "#7"}
			}
		},
		{
			"from": [11.5, 19.55, 7.5001],
			"to": [12, 20.8, 8.4999],
			"rotation": {"angle": 0, "axis": "y", "origin": [-3.5, 7.3, -0.0003]},
			"faces": {
				"north": {"uv": [0, 0, 5, 16], "texture": "#7"},
				"east": {"uv": [0, 0, 11, 16], "texture": "#7"},
				"south": {"uv": [0, 0, 5, 16], "texture": "#7"},
				"west": {"uv": [0, 0, 11, 16], "texture": "#7"},
				"up": {"uv": [0, 0, 5, 16], "texture": "#7"},
				"down": {"uv": [0, 0, 5, 16], "texture": "#7"}
			}
		},
		{
			"from": [4, 19.55, 7.5001],
			"to": [4.5, 20.8, 8.4999],
			"rotation": {"angle": 0, "axis": "y", "origin": [19.5, 7.3, -0.0003]},
			"faces": {
				"north": {"uv": [0, 0, 5, 16], "texture": "#7"},
				"east": {"uv": [0, 0, 11, 16], "texture": "#7"},
				"south": {"uv": [0, 0, 5, 16], "texture": "#7"},
				"west": {"uv": [0, 0, 11, 16], "texture": "#7"},
				"up": {"uv": [0, 0, 5, 16], "texture": "#7"},
				"down": {"uv": [0, 0, 3, 12], "texture": "#7"}
			}
		},
		{
			"from": [11.25, 17.75, 7.5001],
			"to": [11.5, 19, 8.4991],
			"rotation": {"angle": 0, "axis": "y", "origin": [26.25, 7.25, -0.0003]},
			"faces": {
				"north": {"uv": [0, 0, 4, 9], "texture": "#7"},
				"east": {"uv": [0, 0, 12, 11], "texture": "#7"},
				"south": {"uv": [0, 0, 4, 9], "texture": "#7"},
				"west": {"uv": [0, 0, 12, 11], "texture": "#7"},
				"up": {"uv": [0, 0, 16, 6], "texture": "#7"},
				"down": {"uv": [0, 0, 16, 6], "texture": "#7"}
			}
		},
		{
			"from": [23.25, 25.15, 7.85],
			"to": [23.975, 25.25, 8.15],
			"rotation": {"angle": 45, "axis": "z", "origin": [26.25, 7.25, -0.0003]},
			"faces": {
				"north": {"uv": [0, 0, 13, 2], "texture": "#7"},
				"east": {"uv": [0, 0, 7, 3], "texture": "#7"},
				"south": {"uv": [0, 0, 13, 2], "texture": "#7"},
				"west": {"uv": [0, 0, 7, 3], "texture": "#7"},
				"up": {"uv": [0, 0, 7, 3], "texture": "#7"},
				"down": {"uv": [0, 0, 7, 3], "texture": "#7"}
			}
		},
		{
			"from": [-7.975, 25.15, 7.85],
			"to": [-7.25, 25.25, 8.15],
			"rotation": {"angle": -45, "axis": "z", "origin": [-10.25, 7.25, -0.0003]},
			"faces": {
				"north": {"uv": [0, 0, 13, 2], "texture": "#7"},
				"east": {"uv": [0, 0, 7, 3], "texture": "#7"},
				"south": {"uv": [0, 0, 13, 2], "texture": "#7"},
				"west": {"uv": [0, 0, 7, 3], "texture": "#7"},
				"up": {"uv": [0, 0, 7, 3], "texture": "#7"},
				"down": {"uv": [0, 0, 7, 3], "texture": "#7"}
			}
		},
		{
			"from": [11.88412, 18.29854, 7.8501],
			"to": [11.98412, 19.59854, 8.1501],
			"rotation": {"angle": 0, "axis": "y", "origin": [23.88412, 8.39854, -0.0003]},
			"faces": {
				"north": {"uv": [0, 0, 2.5, 16], "texture": "#7"},
				"east": {"uv": [0, 0, 3, 16], "texture": "#7"},
				"south": {"uv": [0, 0, 2.5, 16], "texture": "#7"},
				"west": {"uv": [0, 0, 3, 16], "texture": "#7"},
				"up": {"uv": [0, 0, 3, 16], "texture": "#7"},
				"down": {"uv": [0, 0, 3, 16], "texture": "#7"}
			}
		},
		{
			"from": [4.01588, 18.29854, 7.8501],
			"to": [4.11588, 19.59854, 8.1501],
			"rotation": {"angle": 0, "axis": "y", "origin": [-7.88412, 8.39854, -0.0003]},
			"faces": {
				"north": {"uv": [0, 0, 2.5, 16], "texture": "#7"},
				"east": {"uv": [0, 0, 3, 16], "texture": "#7"},
				"south": {"uv": [0, 0, 2.5, 16], "texture": "#7"},
				"west": {"uv": [0, 0, 3, 16], "texture": "#7"},
				"up": {"uv": [0, 0, 3, 16], "texture": "#7"},
				"down": {"uv": [0, 0, 3, 16], "texture": "#7"}
			}
		},
		{
			"name": "octagon",
			"from": [7.68934, 14, 7.25],
			"to": [8.31066, 16, 8.75],
			"rotation": {"angle": 45, "axis": "y", "origin": [8, 20, 8]},
			"faces": {
				"north": {"uv": [0, 0, 5, 16], "texture": "#7"},
				"east": {"uv": [0, 0, 5, 16], "texture": "#7"},
				"south": {"uv": [0, 0, 5, 16], "texture": "#7"},
				"west": {"uv": [0, 0, 5, 16], "texture": "#7"},
				"up": {"uv": [0, 0, 5, 16], "texture": "#7"},
				"down": {"uv": [0, 0, 5, 16], "texture": "#7"}
			}
		},
		{
			"name": "octagon",
			"from": [7.68934, 13.9999, 7.25],
			"to": [8.31066, 15.9999, 8.75],
			"rotation": {"angle": 0, "axis": "y", "origin": [8, 20, 8]},
			"faces": {
				"north": {"uv": [0, 0, 5, 16], "texture": "#7"},
				"east": {"uv": [0, 0, 5, 16], "texture": "#7"},
				"south": {"uv": [0, 0, 5, 16], "texture": "#7"},
				"west": {"uv": [0, 0, 5, 16], "texture": "#7"},
				"up": {"uv": [0, 0, 5, 16], "texture": "#7"},
				"down": {"uv": [0, 0, 5, 16], "texture": "#7"}
			}
		},
		{
			"name": "octagon",
			"from": [7.25, 14, 7.68934],
			"to": [8.75, 16, 8.31066],
			"rotation": {"angle": 45, "axis": "y", "origin": [8, 20, 8]},
			"faces": {
				"north": {"uv": [0, 0, 5, 16], "texture": "#7"},
				"east": {"uv": [0, 0, 5, 16], "texture": "#7"},
				"south": {"uv": [0, 0, 5, 16], "texture": "#7"},
				"west": {"uv": [0, 0, 5, 16], "texture": "#7"},
				"up": {"uv": [0, 0, 16, 5], "texture": "#7"},
				"down": {"uv": [0, 0, 16, 5], "texture": "#7"}
			}
		},
		{
			"name": "octagon",
			"from": [7.25, 13.9999, 7.68934],
			"to": [8.75, 15.9999, 8.31066],
			"rotation": {"angle": 0, "axis": "y", "origin": [8, 20, 8]},
			"faces": {
				"north": {"uv": [0, 0, 5, 16], "texture": "#7"},
				"east": {"uv": [0, 0, 5, 16], "texture": "#7"},
				"south": {"uv": [0, 0, 5, 16], "texture": "#7"},
				"west": {"uv": [0, 0, 5, 16], "texture": "#7"},
				"up": {"uv": [0, 0, 16, 5], "texture": "#7"},
				"down": {"uv": [0, 0, 16, 5], "texture": "#7"}
			}
		},
		{
			"name": "octagon",
			"from": [7.68934, -15.997, 7.25],
			"to": [8.31066, -14.997, 8.75],
			"rotation": {"angle": 45, "axis": "y", "origin": [8, -9.75, 8]},
			"faces": {
				"north": {"uv": [2, 3, 8, 10], "texture": "#9"},
				"east": {"uv": [2, 3, 8, 10], "texture": "#9"},
				"south": {"uv": [5, 5, 11, 12], "texture": "#9"},
				"west": {"uv": [2, 3, 8, 10], "texture": "#9"},
				"up": {"uv": [2, 3, 8, 10], "texture": "#9"},
				"down": {"uv": [8, 8, 11, 11], "texture": "#9"}
			}
		},
		{
			"name": "octagon",
			"from": [7.68934, -16, 7.25],
			"to": [8.31066, -15, 8.75],
			"rotation": {"angle": 0, "axis": "y", "origin": [8, -9.75, 8]},
			"faces": {
				"north": {"uv": [6, 3, 12, 10], "texture": "#9"},
				"east": {"uv": [9, 5, 15, 12], "texture": "#9"},
				"south": {"uv": [9, 5, 15, 12], "texture": "#9"},
				"west": {"uv": [9, 5, 15, 12], "texture": "#9"},
				"up": {"uv": [9, 5, 15, 12], "texture": "#9"},
				"down": {"uv": [9, 2, 13, 6], "texture": "#9"}
			}
		},
		{
			"name": "octagon",
			"from": [7.25, -15.996, 7.68934],
			"to": [8.75, -14.996, 8.31066],
			"rotation": {"angle": 45, "axis": "y", "origin": [8, -9.75, 8]},
			"faces": {
				"north": {"uv": [7, 6, 13, 13], "texture": "#9"},
				"east": {"uv": [7, 6, 13, 13], "texture": "#9"},
				"south": {"uv": [7, 6, 13, 13], "texture": "#9"},
				"west": {"uv": [7, 6, 13, 13], "texture": "#9"},
				"up": {"uv": [7, 6, 13, 13], "texture": "#9"},
				"down": {"uv": [8, 8, 11, 11], "texture": "#9"}
			}
		},
		{
			"name": "octagon",
			"from": [7.25, -15.998, 7.68934],
			"to": [8.75, -14.998, 8.31066],
			"rotation": {"angle": 0, "axis": "y", "origin": [8, -9.75, 8]},
			"faces": {
				"north": {"uv": [7, 1, 13, 8], "texture": "#9"},
				"east": {"uv": [8, 5, 14, 12], "texture": "#9"},
				"south": {"uv": [7, 1, 13, 8], "texture": "#9"},
				"west": {"uv": [7, 1, 13, 8], "texture": "#9"},
				"up": {"uv": [7, 1, 13, 8], "texture": "#9"},
				"down": {"uv": [9, 2, 13, 6], "texture": "#9"}
			}
		},
		{
			"name": "octagon",
			"from": [7.68934, 4.5, 7.25],
			"to": [8.31066, 5.5, 8.75],
			"rotation": {"angle": 45, "axis": "y", "origin": [8, 20, 8]},
			"faces": {
				"north": {"uv": [8, 8, 11, 11], "texture": "#9"},
				"east": {"uv": [8, 7, 14, 14], "texture": "#9"},
				"south": {"uv": [8, 7, 14, 14], "texture": "#9"},
				"west": {"uv": [8, 7, 14, 14], "texture": "#9"},
				"up": {"uv": [8, 8, 11, 11], "texture": "#9"},
				"down": {"uv": [8, 7, 14, 14], "texture": "#9"}
			}
		},
		{
			"name": "octagon",
			"from": [7.68934, 4.4999, 7.25],
			"to": [8.31066, 5.4999, 8.75],
			"rotation": {"angle": 0, "axis": "y", "origin": [8, 20, 8]},
			"faces": {
				"north": {"uv": [1, 2, 7, 9], "texture": "#9"},
				"east": {"uv": [1, 2, 7, 9], "texture": "#9"},
				"south": {"uv": [2, 3, 8, 10], "texture": "#9"},
				"west": {"uv": [1, 2, 7, 9], "texture": "#9"},
				"up": {"uv": [9, 2, 13, 6], "texture": "#9"},
				"down": {"uv": [9, 2, 13, 6], "texture": "#9"}
			}
		},
		{
			"name": "octagon",
			"from": [7.25, 4.5, 7.68934],
			"to": [8.75, 5.5, 8.31066],
			"rotation": {"angle": 45, "axis": "y", "origin": [8, 20, 8]},
			"faces": {
				"north": {"uv": [9, 3, 15, 10], "texture": "#9"},
				"east": {"uv": [9, 4, 15, 11], "texture": "#9"},
				"south": {"uv": [9, 3, 15, 10], "texture": "#9"},
				"west": {"uv": [9, 3, 15, 10], "texture": "#9"},
				"up": {"uv": [8, 8, 11, 11], "texture": "#9"},
				"down": {"uv": [8, 8, 11, 11], "texture": "#9"}
			}
		},
		{
			"name": "octagon",
			"from": [7.25, 4.4999, 7.68934],
			"to": [8.75, 5.4999, 8.31066],
			"rotation": {"angle": 0, "axis": "y", "origin": [8, 20, 8]},
			"faces": {
				"north": {"uv": [3, 1, 9, 8], "texture": "#9"},
				"east": {"uv": [3, 1, 9, 8], "texture": "#9"},
				"south": {"uv": [3, 1, 9, 8], "texture": "#9"},
				"west": {"uv": [3, 1, 9, 8], "texture": "#9"},
				"up": {"uv": [9, 2, 13, 6], "texture": "#9"},
				"down": {"uv": [9, 2, 13, 6], "texture": "#9"}
			}
		},
		{
			"name": "octagon",
			"from": [7.68934, -2.25, 7.25],
			"to": [8.31066, -1.25, 8.75],
			"rotation": {"angle": 45, "axis": "y", "origin": [8, 20, 8]},
			"faces": {
				"north": {"uv": [4, 3, 10, 10], "texture": "#9"},
				"east": {"uv": [4, 3, 10, 10], "texture": "#9"},
				"south": {"uv": [4, 3, 10, 10], "texture": "#9"},
				"west": {"uv": [4, 3, 10, 10], "texture": "#9"},
				"up": {"uv": [8, 8, 11, 11], "texture": "#9"},
				"down": {"uv": [8, 8, 11, 11], "texture": "#9"}
			}
		},
		{
			"name": "octagon",
			"from": [7.68934, -2.2501, 7.25],
			"to": [8.31066, -1.2501, 8.75],
			"rotation": {"angle": 0, "axis": "y", "origin": [8, 20, 8]},
			"faces": {
				"north": {"uv": [9, 5, 15, 12], "texture": "#9"},
				"east": {"uv": [9, 5, 15, 12], "texture": "#9"},
				"south": {"uv": [9, 5, 15, 12], "texture": "#9"},
				"west": {"uv": [9, 5, 15, 12], "texture": "#9"},
				"up": {"uv": [9, 2, 13, 6], "texture": "#9"},
				"down": {"uv": [9, 2, 13, 6], "texture": "#9"}
			}
		},
		{
			"name": "octagon",
			"from": [7.25, -2.25, 7.68934],
			"to": [8.75, -1.25, 8.31066],
			"rotation": {"angle": 45, "axis": "y", "origin": [8, 20, 8]},
			"faces": {
				"north": {"uv": [9, 1, 15, 8], "texture": "#9"},
				"east": {"uv": [9, 1, 15, 8], "texture": "#9"},
				"south": {"uv": [9, 1, 15, 8], "texture": "#9"},
				"west": {"uv": [9, 1, 15, 8], "texture": "#9"},
				"up": {"uv": [8, 8, 11, 11], "texture": "#9"},
				"down": {"uv": [8, 8, 11, 11], "texture": "#9"}
			}
		},
		{
			"name": "octagon",
			"from": [7.25, -2.2501, 7.68934],
			"to": [8.75, -1.2501, 8.31066],
			"rotation": {"angle": 0, "axis": "y", "origin": [8, 20, 8]},
			"faces": {
				"north": {"uv": [2, 6, 8, 13], "texture": "#9"},
				"east": {"uv": [2, 6, 8, 13], "texture": "#9"},
				"south": {"uv": [2, 6, 8, 13], "texture": "#9"},
				"west": {"uv": [2, 6, 8, 13], "texture": "#9"},
				"up": {"uv": [9, 2, 13, 6], "texture": "#9"},
				"down": {"uv": [9, 2, 13, 6], "texture": "#9"}
			}
		}
	],
	"gui_light": "front",
	"display": {
		"thirdperson_righthand": {
			"rotation": [0, 59, 0],
			"translation": [0, 4.75, 1.25]
		},
		"thirdperson_lefthand": {
			"rotation": [0, 59, 0],
			"translation": [0, 4.75, 1.5]
		},
		"firstperson_righthand": {
			"rotation": [-24, 86, 0],
			"translation": [5, 1.25, 0]
		},
		"firstperson_lefthand": {
			"rotation": [-9, 55, -11],
			"translation": [6.25, 0.75, -0.25]
		},
		"ground": {
			"rotation": [79, 0, 0],
			"translation": [0, 1.5, 0]
		},
		"gui": {
			"rotation": [0, 0, -47],
			"translation": [-1.25, -0.75, 0],
			"scale": [0.6, 0.6, 0.6]
		},
		"head": {
			"rotation": [-180, 0, 0]
		},
		"fixed": {
			"translation": [0, 0, -2.5],
			"scale": [0.75, 0.75, 0.75]
		}
	},
	"groups": [0, 1, 2, 3, 4, 5, 6, 7, 8, 9, 10, 11, 12, 13, 14, 15, 16, 17, 18, 19, 20, 21, 22, 23, 24, 25, 26, 27, 28, 29, 30, 31, 32, 33, 34, 35, 36, 37, 38, 39, 40, 41, 42, 43, 44, 45, 46, 47, 48, 49, 50, 51, 52, 53, 54, 55, 56, 57, 58, 59, 60, 61, 62, 63, 64, 65, 66, 67, 68, 69, 70, 71, 72, 73, 74, 75, 76, 77, 78, 79, 80, 81, 82, 83, 84, 85, 86, 87, 88, 89, 90, 91,
		{
			"name": "octagon",
			"origin": [8, 8, 8],
			"children": [92, 93, 94, 95]
		},
		{
			"name": "octagon",
			"origin": [8, 8, 8],
			"children": [96, 97, 98, 99]
		},
		{
			"name": "octagon",
			"origin": [8, 8, 8],
			"children": [100, 101, 102, 103]
		},
		{
			"name": "octagon",
			"origin": [8, 8, 8],
			"children": [104, 105, 106, 107]
		}
	]
}