{
	"ambientocclusion": false,
	"textures": {
		"1": "minecraft:block/light_gray_concrete",
		"2": "minecraft:voltskiya/mob/hostile/sharkhead",
		"7": "minecraft:item/hopper",
		"8": "minecraft:block/cyan_terracotta",
		"9": "minecraft:item/prismarine_shard",
		"top": "minecraft:block/anvil_top",
		"body": "minecraft:block/anvil",
		"particle": "minecraft:item/hopper"
	},
	"elements": [
		{
			"name": "Secondary",
			"from": [4.01, -2.99, -8.99],
			"to": [11.99, 4.99, -1.01],
			"rotation": {"angle": 0, "axis": "y", "origin": [8, -26, -5]},
			"faces": {
				"north": {"uv": [2, 8, 4, 16], "texture": "#2"},
				"east": {"uv": [0, 8, 2, 16], "texture": "#2"},
				"south": {"uv": [6, 8, 8, 16], "texture": "#2"},
				"west": {"uv": [4, 8, 6, 16], "texture": "#2"},
				"up": {"uv": [4, 8, 2, 0], "texture": "#2"},
				"down": {"uv": [6, 0, 4, 8], "texture": "#2"}
			}
		},
		{
			"name": "Primary",
			"from": [3.5, -4, -9.5],
			"to": [12.5, 5, -0.5],
			"rotation": {"angle": 0, "axis": "y", "origin": [8, -27, -5]},
			"faces": {
				"north": {"uv": [10, 8, 12, 16], "texture": "#2"},
				"east": {"uv": [8, 8, 10, 16], "texture": "#2"},
				"south": {"uv": [14, 8, 16, 16], "texture": "#2"},
				"west": {"uv": [12, 8, 14, 16], "texture": "#2"},
				"up": {"uv": [12, 8, 10, 0], "texture": "#2"},
				"down": {"uv": [14, 0, 12, 8], "texture": "#2"}
			}
		},
		{
			"name": "Primary",
			"from": [2.8, -5.2, -1.2],
			"to": [13.2, 6.2, 9.2],
			"rotation": {"angle": 0, "axis": "x", "origin": [11, 3, 7]},
			"faces": {
				"north": {"uv": [0, 0, 16, 16], "texture": "#1"},
				"east": {"uv": [0, 0, 16, 16], "texture": "#1"},
				"south": {"uv": [0, 0, 16, 16], "texture": "#1"},
				"west": {"uv": [0, 0, 16, 16], "texture": "#1"},
				"up": {"uv": [0, 0, 16, 16], "texture": "#1"},
				"down": {"uv": [0, 0, 16, 16], "texture": "#1"}
			}
		},
		{
			"name": "Secondary",
			"from": [4, -4, 9],
			"to": [12, 5, 17],
			"rotation": {"angle": 0, "axis": "y", "origin": [11, 3, 16]},
			"faces": {
				"north": {"uv": [0, 0, 16, 16], "texture": "#8"},
				"east": {"uv": [0, 0, 16, 16], "texture": "#8"},
				"south": {"uv": [0, 0, 16, 16], "texture": "#8"},
				"west": {"uv": [0, 0, 16, 16], "texture": "#8"},
				"up": {"uv": [0, 0, 16, 16], "texture": "#8"},
				"down": {"uv": [0, 0, 16, 16], "texture": "#8"}
			}
		},
		{
			"name": "Anvil base",
			"from": [5.1728, -2.8768, 22.5216],
			"to": [10.8272, 2.7776, 24.4064],
			"rotation": {"angle": 0, "axis": "y", "origin": [8, -0.0496, 21.108]},
			"faces": {
				"north": {"uv": [2, 2, 14, 14], "rotation": 90, "texture": "#body", "cullface": "down"},
				"east": {"uv": [2, 12, 14, 16], "rotation": 90, "texture": "#body", "cullface": "down"},
				"south": {"uv": [2, 2, 14, 14], "rotation": 90, "texture": "#body", "cullface": "down"},
				"west": {"uv": [2, 12, 14, 16], "rotation": 270, "texture": "#body", "cullface": "down"},
				"up": {"uv": [4, 2, 0, 14], "rotation": 270, "texture": "#body"},
				"down": {"uv": [0, 2, 4, 14], "rotation": 270, "texture": "#body", "cullface": "down"}
			}
		},
		{
			"name": "Lower narrow portion",
			"from": [5.644, -1.9344, 22.0504],
			"to": [10.356, 1.8352, 22.5216],
			"rotation": {"angle": 0, "axis": "y", "origin": [8, -0.0496, 21.108]},
			"faces": {
				"north": {"uv": [4, 3, 12, 13], "rotation": 90, "texture": "#body"},
				"east": {"uv": [4, 11, 12, 12], "rotation": 90, "texture": "#body"},
				"west": {"uv": [4, 11, 12, 12], "rotation": 270, "texture": "#body"},
				"up": {"uv": [5, 3, 4, 13], "rotation": 270, "texture": "#body"},
				"down": {"uv": [4, 3, 5, 13], "rotation": 270, "texture": "#body"}
			}
		},
		{
			"name": "Wider section beneath top portion",
			"from": [6.1152, -0.992, 19.6944],
			"to": [9.8848, 0.8928, 22.0504],
			"rotation": {"angle": 0, "axis": "y", "origin": [8, -0.0496, 21.108]},
			"faces": {
				"east": {"uv": [6, 6, 10, 11], "rotation": 90, "texture": "#body"},
				"west": {"uv": [6, 6, 10, 11], "rotation": 270, "texture": "#body"},
				"up": {"uv": [10, 4, 5, 12], "rotation": 270, "texture": "#body"},
				"down": {"uv": [5, 4, 10, 12], "rotation": 270, "texture": "#body"}
			}
		},
		{
			"name": "Anvil top",
			"from": [4.2304, -2.4056, 16.8672],
			"to": [11.7696, 2.3064, 19.6944],
			"rotation": {"angle": 0, "axis": "y", "origin": [8, -0.0496, 21.108]},
			"faces": {
				"north": {"uv": [3, 0, 13, 16], "rotation": 90, "texture": "#top"},
				"east": {"uv": [3, 0, 13, 6], "rotation": 90, "texture": "#body"},
				"south": {"uv": [3, 0, 13, 16], "rotation": 90, "texture": "#body"},
				"west": {"uv": [3, 0, 13, 6], "rotation": 270, "texture": "#body"},
				"up": {"uv": [16, 0, 10, 16], "rotation": 270, "texture": "#body"},
				"down": {"uv": [10, 0, 16, 16], "rotation": 270, "texture": "#body"}
			}
		},
		{
			"name": "hopper_0",
			"from": [11.4, 0.4, 1.2],
			"to": [17, 1.1, 6.8],
			"rotation": {"angle": -22.5, "axis": "z", "origin": [15.6, 6, 4.2]},
			"faces": {
				"north": {"uv": [11, 2, 12, 10], "rotation": 90, "texture": "#7"},
				"east": {"uv": [4, 9, 12, 10], "texture": "#7"},
				"south": {"uv": [4, 2, 5, 10], "rotation": 270, "texture": "#7"},
				"west": {"uv": [12, 2, 4, 3], "texture": "#7"},
				"up": {"uv": [4, 2, 12, 10], "rotation": 270, "texture": "#7"},
				"down": {"uv": [4, 10, 12, 2], "rotation": 90, "texture": "#7"}
			}
		},
		{
			"name": "hopper_5",
			"from": [14.9, 0.4, 6.8],
			"to": [15.6, 1.1, 7.5],
			"rotation": {"angle": -22.5, "axis": "z", "origin": [15.6, 6, 4.2]},
			"faces": {
				"north": {"uv": [3, 7, 4, 8], "rotation": 90, "texture": "#7"},
				"east": {"uv": [3, 7, 4, 8], "texture": "#7"},
				"south": {"uv": [3, 7, 4, 8], "rotation": 270, "texture": "#7"},
				"west": {"uv": [4, 7, 3, 8], "texture": "#7"},
				"up": {"uv": [3, 7, 4, 8], "rotation": 270, "texture": "#7"},
				"down": {"uv": [3, 8, 4, 7], "rotation": 90, "texture": "#7"}
			}
		},
		{
			"name": "hopper_6",
			"from": [14.9, 0.4, 0.5],
			"to": [15.6, 1.1, 1.2],
			"rotation": {"angle": -22.5, "axis": "z", "origin": [15.6, 6, 4.2]},
			"faces": {
				"north": {"uv": [12, 7, 13, 8], "rotation": 90, "texture": "#7"},
				"east": {"uv": [12, 7, 13, 8], "texture": "#7"},
				"south": {"uv": [12, 7, 13, 8], "rotation": 270, "texture": "#7"},
				"west": {"uv": [13, 7, 12, 8], "texture": "#7"},
				"up": {"uv": [12, 7, 13, 8], "rotation": 270, "texture": "#7"},
				"down": {"uv": [12, 8, 13, 7], "rotation": 90, "texture": "#7"}
			}
		},
		{
			"name": "hopper_7",
			"from": [17, 0.4, 1.9],
			"to": [18.4, 1.1, 6.1],
			"rotation": {"angle": -22.5, "axis": "z", "origin": [15.6, 6, 4.2]},
			"faces": {
				"north": {"uv": [10, 10, 11, 12], "rotation": 90, "texture": "#7"},
				"east": {"uv": [5, 11, 11, 12], "texture": "#7"},
				"south": {"uv": [5, 10, 6, 12], "rotation": 270, "texture": "#7"},
				"west": {"uv": [11, 10, 5, 11], "texture": "#7"},
				"up": {"uv": [5, 10, 11, 12], "rotation": 270, "texture": "#7"},
				"down": {"uv": [5, 12, 11, 10], "rotation": 90, "texture": "#7"}
			}
		},
		{
			"name": "hopper_8",
			"from": [18.4, 0.4, 2.6],
			"to": [19.8, 1.1, 5.4],
			"rotation": {"angle": -22.5, "axis": "z", "origin": [15.6, 6, 4.2]},
			"faces": {
				"north": {"uv": [9, 12, 10, 14], "rotation": 90, "texture": "#7"},
				"east": {"uv": [6, 13, 10, 14], "texture": "#7"},
				"south": {"uv": [6, 12, 7, 14], "rotation": 270, "texture": "#7"},
				"west": {"uv": [10, 12, 6, 13], "texture": "#7"},
				"up": {"uv": [6, 12, 10, 14], "rotation": 270, "texture": "#7"},
				"down": {"uv": [6, 14, 10, 12], "rotation": 90, "texture": "#7"}
			}
		},
		{
			"name": "hopper_9",
			"from": [19.8, 0.4, 3.3],
			"to": [20.5, 1.1, 4.7],
			"rotation": {"angle": -22.5, "axis": "z", "origin": [15.6, 6, 4.2]},
			"faces": {
				"north": {"uv": [8, 14, 9, 15], "rotation": 90, "texture": "#7"},
				"east": {"uv": [7, 14, 9, 15], "texture": "#7"},
				"south": {"uv": [7, 14, 8, 15], "rotation": 270, "texture": "#7"},
				"west": {"uv": [9, 14, 7, 15], "texture": "#7"},
				"up": {"uv": [7, 14, 9, 15], "rotation": 270, "texture": "#7"},
				"down": {"uv": [7, 15, 9, 14], "rotation": 90, "texture": "#7"}
			}
		},
		{
			"name": "hopper_0",
			"from": [-1.1, 0.4, 1.2],
			"to": [4.5, 1.1, 6.8],
			"rotation": {"angle": 22.5, "axis": "z", "origin": [0.3, 6, 4]},
			"faces": {
				"north": {"uv": [4, 2, 5, 10], "rotation": 270, "texture": "#7"},
				"east": {"uv": [12, 2, 4, 3], "texture": "#7"},
				"south": {"uv": [11, 2, 12, 10], "rotation": 90, "texture": "#7"},
				"west": {"uv": [4, 9, 12, 10], "texture": "#7"},
				"up": {"uv": [4, 2, 12, 10], "rotation": 90, "texture": "#7"},
				"down": {"uv": [4, 10, 12, 2], "rotation": 270, "texture": "#7"}
			}
		},
		{
			"name": "hopper_5",
			"from": [0.3, 0.4, 0.5],
			"to": [1, 1.1, 1.2],
			"rotation": {"angle": 22.5, "axis": "z", "origin": [0.3, 6, 4]},
			"faces": {
				"north": {"uv": [3, 7, 4, 8], "rotation": 270, "texture": "#7"},
				"east": {"uv": [4, 7, 3, 8], "texture": "#7"},
				"south": {"uv": [3, 7, 4, 8], "rotation": 90, "texture": "#7"},
				"west": {"uv": [3, 7, 4, 8], "texture": "#7"},
				"up": {"uv": [3, 7, 4, 8], "rotation": 90, "texture": "#7"},
				"down": {"uv": [3, 8, 4, 7], "rotation": 270, "texture": "#7"}
			}
		},
		{
			"name": "hopper_6",
			"from": [0.3, 0.4, 6.8],
			"to": [1, 1.1, 7.5],
			"rotation": {"angle": 22.5, "axis": "z", "origin": [0.3, 6, 4]},
			"faces": {
				"north": {"uv": [12, 7, 13, 8], "rotation": 270, "texture": "#7"},
				"east": {"uv": [13, 7, 12, 8], "texture": "#7"},
				"south": {"uv": [12, 7, 13, 8], "rotation": 90, "texture": "#7"},
				"west": {"uv": [12, 7, 13, 8], "texture": "#7"},
				"up": {"uv": [12, 7, 13, 8], "rotation": 90, "texture": "#7"},
				"down": {"uv": [12, 8, 13, 7], "rotation": 270, "texture": "#7"}
			}
		},
		{
			"name": "hopper_7",
			"from": [-2.5, 0.4, 1.9],
			"to": [-1.1, 1.1, 6.1],
			"rotation": {"angle": 22.5, "axis": "z", "origin": [0.3, 6, 4]},
			"faces": {
				"north": {"uv": [5, 10, 6, 12], "rotation": 270, "texture": "#7"},
				"east": {"uv": [11, 10, 5, 11], "texture": "#7"},
				"south": {"uv": [10, 10, 11, 12], "rotation": 90, "texture": "#7"},
				"west": {"uv": [5, 11, 11, 12], "texture": "#7"},
				"up": {"uv": [5, 10, 11, 12], "rotation": 90, "texture": "#7"},
				"down": {"uv": [5, 12, 11, 10], "rotation": 270, "texture": "#7"}
			}
		},
		{
			"name": "hopper_8",
			"from": [-3.9, 0.4, 2.6],
			"to": [-2.5, 1.1, 5.4],
			"rotation": {"angle": 22.5, "axis": "z", "origin": [0.3, 6, 4]},
			"faces": {
				"north": {"uv": [6, 12, 7, 14], "rotation": 270, "texture": "#7"},
				"east": {"uv": [10, 12, 6, 13], "texture": "#7"},
				"south": {"uv": [9, 12, 10, 14], "rotation": 90, "texture": "#7"},
				"west": {"uv": [6, 13, 10, 14], "texture": "#7"},
				"up": {"uv": [6, 12, 10, 14], "rotation": 90, "texture": "#7"},
				"down": {"uv": [6, 14, 10, 12], "rotation": 270, "texture": "#7"}
			}
		},
		{
			"name": "hopper_9",
			"from": [-4.6, 0.4, 3.3],
			"to": [-3.9, 1.1, 4.7],
			"rotation": {"angle": 22.5, "axis": "z", "origin": [0.3, 6, 4]},
			"faces": {
				"north": {"uv": [7, 14, 8, 15], "rotation": 270, "texture": "#7"},
				"east": {"uv": [9, 14, 7, 15], "texture": "#7"},
				"south": {"uv": [8, 14, 9, 15], "rotation": 90, "texture": "#7"},
				"west": {"uv": [7, 14, 9, 15], "texture": "#7"},
				"up": {"uv": [7, 14, 9, 15], "rotation": 90, "texture": "#7"},
				"down": {"uv": [7, 15, 9, 14], "rotation": 270, "texture": "#7"}
			}
		},
		{
			"name": "prismarine_shard_0",
			"from": [7.55, 6.2, 10.7],
			"to": [8.45, 10.7, 12.5],
			"rotation": {"angle": 0, "axis": "x", "origin": [14.3, 5.3, 8]},
			"faces": {
				"north": {"uv": [4, 2, 5, 7], "texture": "#9"},
				"east": {"uv": [3, 2, 5, 7], "texture": "#9"},
				"south": {"uv": [3, 2, 4, 7], "texture": "#9"},
				"west": {"uv": [3, 7, 5, 2], "rotation": 180, "texture": "#9"},
				"up": {"uv": [5, 2, 3, 3], "rotation": 90, "texture": "#9"},
				"down": {"uv": [3, 6, 5, 7], "rotation": 90, "texture": "#9"}
			}
		},
		{
			"name": "prismarine_shard_1",
			"from": [7.55, 2.6, 8.9],
			"to": [8.45, 9.8, 10.7],
			"rotation": {"angle": 0, "axis": "x", "origin": [14.3, 5.3, 8]},
			"faces": {
				"north": {"uv": [6, 3, 7, 11], "texture": "#9"},
				"east": {"uv": [5, 3, 7, 11], "texture": "#9"},
				"south": {"uv": [5, 3, 6, 11], "texture": "#9"},
				"west": {"uv": [5, 11, 7, 3], "rotation": 180, "texture": "#9"},
				"up": {"uv": [7, 3, 5, 4], "rotation": 90, "texture": "#9"},
				"down": {"uv": [5, 10, 7, 11], "rotation": 90, "texture": "#9"}
			}
		},
		{
			"name": "prismarine_shard_2",
			"from": [7.55, 8, 12.5],
			"to": [8.45, 8.9, 13.4],
			"rotation": {"angle": 0, "axis": "x", "origin": [14.3, 5.3, 8]},
			"faces": {
				"north": {"uv": [2, 4, 3, 5], "texture": "#9"},
				"east": {"uv": [2, 4, 3, 5], "texture": "#9"},
				"south": {"uv": [2, 4, 3, 5], "texture": "#9"},
				"west": {"uv": [2, 5, 3, 4], "rotation": 180, "texture": "#9"},
				"up": {"uv": [3, 4, 2, 5], "rotation": 90, "texture": "#9"},
				"down": {"uv": [2, 4, 3, 5], "rotation": 90, "texture": "#9"}
			}
		},
		{
			"name": "prismarine_shard_3",
			"from": [7.55, -0.1, 7.1],
			"to": [8.45, 8.9, 8.9],
			"rotation": {"angle": 0, "axis": "x", "origin": [14.3, 5.3, 8]},
			"faces": {
				"north": {"uv": [8, 4, 9, 14], "texture": "#9"},
				"east": {"uv": [7, 4, 9, 14], "texture": "#9"},
				"south": {"uv": [7, 4, 8, 14], "texture": "#9"},
				"west": {"uv": [7, 14, 9, 4], "rotation": 180, "texture": "#9"},
				"up": {"uv": [9, 4, 7, 5], "rotation": 90, "texture": "#9"},
				"down": {"uv": [7, 13, 9, 14], "rotation": 90, "texture": "#9"}
			}
		},
		{
			"name": "prismarine_shard_4",
			"from": [7.55, -0.1, 5.3],
			"to": [8.45, 8, 7.1],
			"rotation": {"angle": 0, "axis": "x", "origin": [14.3, 5.3, 8]},
			"faces": {
				"north": {"uv": [10, 5, 11, 14], "texture": "#9"},
				"east": {"uv": [9, 5, 11, 14], "texture": "#9"},
				"south": {"uv": [9, 5, 10, 14], "texture": "#9"},
				"west": {"uv": [9, 14, 11, 5], "rotation": 180, "texture": "#9"},
				"up": {"uv": [11, 5, 9, 6], "rotation": 90, "texture": "#9"},
				"down": {"uv": [9, 13, 11, 14], "rotation": 90, "texture": "#9"}
			}
		},
		{
			"name": "prismarine_shard_5",
			"from": [7.55, 1.7, 3.5],
			"to": [8.45, 7.1, 5.3],
			"rotation": {"angle": 0, "axis": "x", "origin": [14.3, 5.3, 8]},
			"faces": {
				"north": {"uv": [12, 6, 13, 12], "texture": "#9"},
				"east": {"uv": [11, 6, 13, 12], "texture": "#9"},
				"south": {"uv": [11, 6, 12, 12], "texture": "#9"},
				"west": {"uv": [11, 12, 13, 6], "rotation": 180, "texture": "#9"},
				"up": {"uv": [13, 6, 11, 7], "rotation": 90, "texture": "#9"},
				"down": {"uv": [11, 11, 13, 12], "rotation": 90, "texture": "#9"}
			}
		},
		{
			"name": "prismarine_shard_6",
			"from": [7.55, 4.4, 10.7],
			"to": [8.45, 6.2, 11.6],
			"rotation": {"angle": 0, "axis": "x", "origin": [14.3, 5.3, 8]},
			"faces": {
				"north": {"uv": [4, 7, 5, 9], "texture": "#9"},
				"east": {"uv": [4, 7, 5, 9], "texture": "#9"},
				"south": {"uv": [4, 7, 5, 9], "texture": "#9"},
				"west": {"uv": [4, 9, 5, 7], "rotation": 180, "texture": "#9"},
				"up": {"uv": [5, 7, 4, 8], "rotation": 90, "texture": "#9"},
				"down": {"uv": [4, 8, 5, 9], "rotation": 90, "texture": "#9"}
			}
		}
	],
	"display": {
		"head": {
			"translation": [0, 0, 9.75],
			"scale": [2.25, 2.25, 2.25]
		},
		"fixed": {
			"rotation": [0, 90, 0],
			"scale": [0.5, 0.5, 0.5]
		}
	},
	"groups": [
		{
			"name": "Head",
			"origin": [0, 24, 0],
			"children": [0, 1]
		},
		{
			"name": "Body",
			"origin": [0, 24, 0],
			"children": [2, 3,
				{
					"name": "Fins",
					"origin": [8, 8, 8],
					"children": [
						{
							"name": "Anvil",
							"origin": [8, 8, 8],
							"children": [4, 5, 6, 7]
						},
						{
							"name": "FinRight",
							"origin": [8, 8, 8],
							"children": [8, 9, 10, 11, 12, 13]
						},
						{
							"name": "FinLeft",
							"origin": [8, 8, 8],
							"children": [14, 15, 16, 17, 18, 19]
						}
					]
				}
			]
		},
		{
			"name": "oak_pressure_plate",
			"origin": [8, 8, 8],
			"children": []
		},
		{
			"name": "prismarine_shard",
			"origin": [8, 8, 8],
			"children": [20, 21, 22, 23, 24, 25, 26]
		}
	]
}