{
	"textures": {
		"0": "minecraft:voltskiya/mob/hostile/weepingangel",
		"1": "minecraft:block/chiseled_stone_bricks",
		"2": "minecraft:block/cracked_stone_bricks",
		"particle": "minecraft:block/stone"
	},
	"elements": [
		{
			"name": "steve_right_leg",
			"from": [5, 2.71, 6.52],
			"to": [7.96, 11.59, 9.48],
			"rotation": {"angle": 0, "axis": "y", "origin": [8, 9, 8]},
			"faces": {
				"north": {"uv": [3.01, 5.01, 3.99, 7.99], "texture": "#0"},
				"east": {"uv": [2.01, 5.01, 2.99, 7.99], "texture": "#0"},
				"south": {"uv": [1.01, 5.01, 1.99, 7.99], "texture": "#0"},
				"west": {"uv": [0.01, 5.01, 0.99, 7.99], "texture": "#0"},
				"up": {"uv": [1.01, 4.01, 1.99, 4.99], "texture": "#0"},
				"down": {"uv": [2.01, 4.99, 2.99, 4.01], "texture": "#0"}
			}
		},
		{
			"name": "steve_left_leg",
			"from": [8, 2.71, 6.52],
			"to": [10.96, 11.59, 9.48],
			"rotation": {"angle": 0, "axis": "y", "origin": [8, 9, 8]},
			"faces": {
				"north": {"uv": [8.01, 13.01, 6.99, 15.99], "texture": "#0"},
				"east": {"uv": [6.01, 13.01, 6.99, 15.99], "texture": "#0"},
				"south": {"uv": [5.01, 13.01, 5.99, 15.99], "texture": "#0"},
				"west": {"uv": [4.01, 13.01, 4.99, 15.99], "texture": "#0"},
				"up": {"uv": [5.01, 12.01, 5.99, 12.99], "texture": "#0"},
				"down": {"uv": [6.01, 12.99, 6.99, 12.01], "texture": "#0"}
			}
		},
		{
			"name": "steve_body",
			"from": [5.04, 11.59, 6.52],
			"to": [10.96, 20.47, 9.48],
			"rotation": {"angle": 0, "axis": "y", "origin": [8, 9, 8]},
			"faces": {
				"north": {"uv": [8.01, 5.01, 9.99, 7.99], "texture": "#0"},
				"east": {"uv": [7.01, 5.01, 7.99, 7.99], "texture": "#0"},
				"south": {"uv": [5.01, 5.01, 6.99, 7.99], "texture": "#0"},
				"west": {"uv": [4.01, 5.01, 4.99, 7.99], "texture": "#0"},
				"up": {"uv": [5.01, 4.01, 6.99, 4.99], "texture": "#0"},
				"down": {"uv": [7.01, 4.99, 8.99, 4.01], "texture": "#0"}
			}
		},
		{
			"name": "steve_head",
			"from": [5.04, 20.47, 5.04],
			"to": [10.96, 26.39, 10.96],
			"rotation": {"angle": 0, "axis": "y", "origin": [8, 9, 8]},
			"faces": {
				"north": {"uv": [6.00938, 2.00938, 7.98906, 3.98906], "texture": "#0"},
				"east": {"uv": [4.01, 2.01, 5.99, 3.99], "texture": "#0"},
				"south": {"uv": [2.01, 2.01, 3.99, 3.99], "texture": "#0"},
				"west": {"uv": [0.01, 2.01, 1.99, 3.99], "texture": "#0"},
				"up": {"uv": [2.01, 0.01, 3.99, 1.99], "texture": "#0"},
				"down": {"uv": [4.01, 1.99, 5.99, 0.01], "texture": "#0"}
			}
		},
		{
			"name": "steve_right_arm",
			"from": [2.08, 11.59, 6.52],
			"to": [5.04, 20.47, 9.48],
			"rotation": {"angle": 0, "axis": "y", "origin": [8, 9, 8]},
			"faces": {
				"north": {"uv": [13.01, 5.01, 13.99, 7.99], "texture": "#0"},
				"east": {"uv": [12.01, 5.01, 12.99, 7.99], "texture": "#0"},
				"south": {"uv": [11.01, 5.01, 11.99, 7.99], "texture": "#0"},
				"west": {"uv": [10.01, 5.01, 10.99, 7.99], "texture": "#0"},
				"up": {"uv": [11.01, 4.01, 11.99, 4.99], "texture": "#0"},
				"down": {"uv": [12.01, 4.99, 12.99, 4.01], "texture": "#0"}
			}
		},
		{
			"name": "steve_left_arm",
			"from": [10.96, 11.59, 6.52],
			"to": [13.92, 20.47, 9.48],
			"rotation": {"angle": 0, "axis": "x", "origin": [11, 20, 8]},
			"faces": {
				"north": {"uv": [11.01, 13.01, 11.99, 15.99], "texture": "#0"},
				"east": {"uv": [10.01, 13.01, 10.99, 15.99], "texture": "#0"},
				"south": {"uv": [9.01, 13.01, 9.99, 15.99], "texture": "#0"},
				"west": {"uv": [8.01, 13.01, 8.99, 15.99], "texture": "#0"},
				"up": {"uv": [9.01, 12.01, 9.99, 12.99], "texture": "#0"},
				"down": {"uv": [10.01, 12.99, 10.99, 12.01], "texture": "#0"}
			}
		},
		{
			"name": "steve_head_2nd_layer",
			"from": [4.67, 20.1, 4.67],
			"to": [11.33, 26.76, 11.33],
			"rotation": {"angle": 0, "axis": "y", "origin": [8, 9, 8]},
			"faces": {
				"north": {"uv": [14.01, 2.01, 15.99, 3.99], "texture": "#0"},
				"east": {"uv": [12.01, 2.01, 13.99, 3.99], "texture": "#0"},
				"south": {"uv": [10.01, 2.01, 11.99, 3.99], "texture": "#0"},
				"west": {"uv": [8.01, 2.01, 9.99, 3.99], "texture": "#0"},
				"up": {"uv": [10.01, 0.01, 11.99, 1.99], "texture": "#0"},
				"down": {"uv": [12.01, 1.99, 13.99, 0.01], "texture": "#0"}
			}
		},
		{
			"name": "steve_body_2nd_layer",
			"from": [5.04, 11.2348, 6.1574],
			"to": [10.96, 20.8622, 9.8574],
			"rotation": {"angle": 0, "axis": "y", "origin": [8, 9, 8]},
			"faces": {
				"north": {"uv": [8.01, 9.01, 9.99, 11.99], "texture": "#0"},
				"east": {"uv": [7.01, 9.01, 7.99, 11.99], "texture": "#0"},
				"south": {"uv": [5.01, 9.01, 6.99, 11.99], "texture": "#0"},
				"west": {"uv": [4.01, 9.01, 4.99, 11.99], "texture": "#0"},
				"up": {"uv": [5.01, 8.01, 6.99, 8.99], "texture": "#0"},
				"down": {"uv": [7.01, 8.99, 8.99, 8.01], "texture": "#0"}
			}
		},
		{
			"name": "steve_right_arm_2nd_layer",
			"from": [1.71, 11.22, 6.15],
			"to": [5.4026, 20.84, 9.85],
			"rotation": {"angle": 0, "axis": "y", "origin": [8, 9, 8]},
			"faces": {
				"north": {"uv": [13.01, 9.01, 13.99, 11.99], "texture": "#0"},
				"east": {"uv": [12, 9, 12.97969, 11.97969], "texture": "#0"},
				"south": {"uv": [11.01, 9.01, 11.99, 11.99], "texture": "#0"},
				"west": {"uv": [10.01, 9.01, 10.99, 11.99], "texture": "#0"},
				"up": {"uv": [11.01, 8.01, 11.99, 8.99], "texture": "#0"},
				"down": {"uv": [12.01, 8.99, 12.99, 8.01], "texture": "#0"}
			}
		},
		{
			"name": "steve_left_arm_2nd_layer",
			"from": [10.59, 11.22, 6.15],
			"to": [14.29, 20.84, 9.85],
			"rotation": {"angle": 0, "axis": "x", "origin": [11, 20, 8]},
			"faces": {
				"north": {"uv": [15.01, 13.01, 15.99, 15.99], "texture": "#0"},
				"east": {"uv": [14.01, 13.01, 14.99, 15.99], "texture": "#0"},
				"south": {"uv": [13.01, 13.01, 13.99, 15.99], "texture": "#0"},
				"west": {"uv": [12.01, 13.01, 12.98969, 15.98969], "texture": "#0"},
				"up": {"uv": [13.01, 12.01, 13.99, 12.99], "texture": "#0"},
				"down": {"uv": [14.01, 12.99, 14.99, 12.01], "texture": "#0"}
			}
		},
		{
			"name": "steve_right_leg_2nd_layer",
			"from": [4, 2.34, 6.15],
			"to": [7.7, 11.96, 9.85],
			"rotation": {"angle": 0, "axis": "y", "origin": [8, 9, 8]},
			"faces": {
				"north": {"uv": [3.01, 9.01, 3.99, 11.99], "texture": "#0"},
				"east": {"uv": [2.01, 9.01, 2.99, 11.99], "texture": "#0"},
				"south": {"uv": [1.01, 9.01, 1.99, 11.99], "texture": "#0"},
				"west": {"uv": [0.01, 9.01, 0.99, 11.99], "texture": "#0"},
				"up": {"uv": [1.01, 7.99, 1.99, 9.01], "texture": "#0"},
				"down": {"uv": [2.01, 9.01, 2.99, 7.99], "texture": "#0"}
			}
		},
		{
			"name": "steve_left_leg_2nd_layer",
			"from": [7, 2.34, 6.15],
			"to": [10.7, 11.96, 9.85],
			"rotation": {"angle": 0, "axis": "y", "origin": [8, 9, 8]},
			"faces": {
				"north": {"uv": [3.01, 13.01, 3.99, 15.99], "texture": "#0"},
				"east": {"uv": [2.01, 13.01, 2.99, 15.99], "texture": "#0"},
				"south": {"uv": [1.01, 13.01, 1.99, 15.99], "texture": "#0"},
				"west": {"uv": [0.01, 13.01, 0.99, 15.99], "texture": "#0"},
				"up": {"uv": [1.01, 11.99, 1.99, 13.01], "texture": "#0"},
				"down": {"uv": [2.01, 13.01, 2.99, 11.99], "texture": "#0"}
			}
		},
		{
			"name": "Base",
			"from": [2, 0, 2],
			"to": [14, 3, 14],
			"rotation": {"angle": 0, "axis": "y", "origin": [10, 8, 21]},
			"faces": {
				"north": {"uv": [0, 0, 16, 5], "texture": "#2"},
				"east": {"uv": [0, 0, 16, 5], "texture": "#2"},
				"south": {"uv": [0, 0, 16, 5], "texture": "#2"},
				"west": {"uv": [0, 0, 16, 5], "texture": "#2"},
				"up": {"uv": [0, 0, 16, 16], "texture": "#1"},
				"down": {"uv": [0, 0, 16, 16], "texture": "#2"}
			}
		}
	],
	"display": {
		"thirdperson_righthand": {
			"rotation": [90, -180, 0],
			"translation": [-6, -2, -2],
			"scale": [1.3, 1.3, 1.3]
		},
		"head": {
			"rotation": [0, 180, 0],
			"translation": [0, -27, 0],
			"scale": [2, 2, 2]
		}
	},
	"groups": [
		{
			"name": "Body",
			"origin": [8, 8, 8],
			"children": [0, 1, 2, 3, 4, 5, 6, 7, 8, 9, 10, 11]
		}, 12]
}